ID,Character,Image,Description
1,八,3655818.jpg,(- often indicating separation) (- number 8) (- new form font changed most context 八 to context 丷)  (- 兌 traditional 兑 simplified)
2,八,3656106.jpg,(- often indicating separation) (- number 8) (- new form font changed most context 八 to context 丷)  (- 兌 traditional 兑 simplified)
3,巴,3656787.jpg,(- 巴 man kneeling with hands grabbing something) (- 把爬耙筢岜) (- in most cases hands are relevant and recuses to ) (- kneeling person in 卮巵邑岊絕绝色) (- phonetic in 吧芭疤笆粑羓蚆笆鲃鈀钯靶爸肥皅舥杷)
4,巴,3656630.jpg,(- 巴 man kneeling with hands grabbing something) (- 把爬耙筢岜) (- in most cases hands are relevant and recuses to ) (- kneeling person in 卮巵邑岊絕绝色) (- phonetic in 吧芭疤笆粑羓蚆笆鲃鈀钯靶爸肥皅舥杷)
5,巴,3657659.jpg,(- 巴 man kneeling with hands grabbing something) (- 把爬耙筢岜) (- in most cases hands are relevant and recuses to ) (- kneeling person in 卮巵邑岊絕绝色) (- phonetic in 吧芭疤笆粑羓蚆笆鲃鈀钯靶爸肥皅舥杷)
6,巴,3657131.jpg,(- 巴 man kneeling with hands grabbing something) (- 把爬耙筢岜) (- in most cases hands are relevant and recuses to ) (- kneeling person in 卮巵邑岊絕绝色) (- phonetic in 吧芭疤笆粑羓蚆笆鲃鈀钯靶爸肥皅舥杷)
7,白,3658708.jpg,"(- 白道, means the path of the moon)  (- later the moon indicated white and the sun 黃道 indicated yellow)"
8,邦,3700910.jpg,(- Family name Feng 酆 now 邦 not 丰).
9,保,3705956.jpg,(- a person 亻 holding a baby 𡥀𣎼𠫡 or 呆)
10,保,3705965.jpg,(- a person 亻 holding a baby 𡥀𣎼𠫡 or 呆)
11,保,3706710.jpg,(- a person 亻 holding a baby 𡥀𣎼𠫡 or 呆)
12,保,3706797.jpg,(- a person 亻 holding a baby 𡥀𣎼𠫡 or 呆)
13,保,3706799.jpg,(- a person 亻 holding a baby 𡥀𣎼𠫡 or 呆)
14,保,3709720.jpg,(- a person 亻 holding a baby 𡥀𣎼𠫡 or 呆)
15,豹,3709872.jpg,(- remnant 勺 of the spots on a leopard 豸)
16,豹,3710637.jpg,(- remnant 勺 of the spots on a leopard 豸)
17,卑,3712138.jpg,(- a long handled fan used by a slave indicating inferior person)
18,北,3712743.jpg,(- the back 北 faces north 北 when looking at the sundial). (- two men back to back)  (- original 北 back-bei 背 bèi)
19,贝,3713625.jpg,(- a cowry shell)
20,狈,3713226.jpg,(- used in the phrase 狼狈为奸)
21,匕,3714994.jpg,(baby animal 牝麀) (man 𠤗比死化匘尼旨此) (man 㫐𠤏 卬𠨐 艮𥃩) (man 卓𠤞㔬 齔龀 頃顷16) (mouth 𠤕) (bowl 皀鬯) (cane 老) (feet 能) (spoon 匙) (cursive (仑)侖 真眞)
22,匕,3715844.jpg,(baby animal 牝麀) (man 𠤗比死化匘尼旨此) (man 㫐𠤏 卬𠨐 艮𥃩) (man 卓𠤞㔬 齔龀 頃顷16) (mouth 𠤕) (bowl 皀鬯) (cane 老) (feet 能) (spoon 匙) (cursive (仑)侖 真眞)
23,匕,3716652.jpg,(baby animal 牝麀) (man 𠤗比死化匘尼旨此) (man 㫐𠤏 卬𠨐 艮𥃩) (man 卓𠤞㔬 齔龀 頃顷16) (mouth 𠤕) (bowl 皀鬯) (cane 老) (feet 能) (spoon 匙) (cursive (仑)侖 真眞)
24,比,3716934.jpg,(- which can be compared).
25,必,3716976.jpg,(- the measuring string 弋 to measure the separation 八)
26,畀,3717370.jpg,(- gift on a table) (- from an arrow 田 arrow head and 丌 arrow) (- originally an arrow)
27,畀,3717476.jpg,(- gift on a table) (- from an arrow 田 arrow head and 丌 arrow) (- originally an arrow)
28,畀,3718281.jpg,(- gift on a table) (- from an arrow 田 arrow head and 丌 arrow) (- originally an arrow)
29,辟,3719452.jpg,(- probably punishment by beheading)
30,辟,3719592.jpg,(- probably punishment by beheading)
31,兵,3720563.jpg,(- two hands 廾 holding an ax 斤)
32,兵,3720290.jpg,(- two hands 廾 holding an ax 斤)
33,丙,3721665.jpg,"(- a Chinese kang 火炕, a fire-stove that goes under the bed)  (- See 更㪅㶮寎,炳然)"
34,丙,3721772.jpg,"(- a Chinese kang 火炕, a fire-stove that goes under the bed)  (- See 更㪅㶮寎,炳然)"
35,丙,3721925.jpg,"(- a Chinese kang 火炕, a fire-stove that goes under the bed)  (- See 更㪅㶮寎,炳然)"
36,丙,3723784.jpg,"(- a Chinese kang 火炕, a fire-stove that goes under the bed)  (- See 更㪅㶮寎,炳然)"
37,丙,3723618.jpg,"(- a Chinese kang 火炕, a fire-stove that goes under the bed)  (- See 更㪅㶮寎,炳然)"
38,丙,3723156.jpg,"(- a Chinese kang 火炕, a fire-stove that goes under the bed)  (- See 更㪅㶮寎,炳然)"
39,丙,3724706.jpg,"(- a Chinese kang 火炕, a fire-stove that goes under the bed)  (- See 更㪅㶮寎,炳然)"
40,秉,3724909.jpg,(- hand grasping a stalk of grain)
41,并,3724326.jpg,(- two men added together and equal 並且 Bìngqiě furthermore)
42,并,3725608.jpg,(- two men added together and equal 並且 Bìngqiě furthermore)
43,并,3725555.jpg,(- two men added together and equal 並且 Bìngqiě furthermore)
44,并,3725911.jpg,(- two men added together and equal 並且 Bìngqiě furthermore)
45,并,3726690.jpg,(- two men added together and equal 並且 Bìngqiě furthermore)
46,驳,3726816.jpg,(- mixed color).
47,帛,3726239.jpg,(- cloth of white cotton)
48,卜,3728460.jpg,tool 攵攴pū 畏𤱫wèi 占zhàn 贞貞zhēn 歺𣦵è 骨 卦guà 外wài 钋釙pō 卟bǔ 讣訃fù 赴fù 扑 A015 卜[蔔]bo A016 补[補]bǔ A037 处[處]処chù 𠧨咎jiù 晷guǐ A192 扑[撲]pū A193 仆[僕]pū  A194 朴[樸]pǔ 卧臥wò 兆𠧞zhào 卓㔬zhuó
49,不,3728950.jpg,(- a plant cut at the root to be stooled) A098 还[還]不睘瞏 𨘣 A097 环[環]不睘瞏 𤪹 A095 坏[壞]不褱 A094 怀[懷]不褱 丕 pī 否 fǒu 咅㕻 pǒu
50,不,3729596.jpg,(- a plant cut at the root to be stooled) A098 还[還]不睘瞏 𨘣 A097 环[環]不睘瞏 𤪹 A095 坏[壞]不褱 A094 怀[懷]不褱 丕 pī 否 fǒu 咅㕻 pǒu
51,才,3730632.jpg,(- original 才塞 sāi) (- maybe a sprout) (- maybe a blocked stream)
52,才,3730945.jpg,(- original 才塞 sāi) (- maybe a sprout) (- maybe a blocked stream)
53,曹,3738533.jpg,"(- person who manages 曰 inventory 㯥 - judge, etc.)"
54,册,3738932.jpg,(- bamboo strips with words written on them woven together into a scroll).
55,叉,3739646.jpg,(- interlaced fingers)
56,叉,3739479.jpg,(- interlaced fingers)
57,长,3740648.jpg,"(- a man with long hair, indicating long)"
58,鬯,3740283.jpg,(- a bowl of rice)
59,鬯,3740480.jpg,(- a bowl of rice)
60,鬯,3741316.jpg,(- a bowl of rice)
61,朝,3741347.jpg,original of 潮 morning tide 晁 See 早潮晁
62,朝,3741412.jpg,original of 潮 morning tide 晁 See 早潮晁
63,朝,3741273.jpg,original of 潮 morning tide 晁 See 早潮晁
64,朝,3742492.jpg,original of 潮 morning tide 晁 See 早潮晁
65,车,3742331.jpg,(- two wheeled cart)
66,车,3742324.jpg,(- two wheeled cart)
67,车,3745204.jpg,(- two wheeled cart)
68,车,3746693.jpg,(- two wheeled cart)
69,车,3746748.jpg,(- two wheeled cart)
70,屮,3747455.jpg,(- a sprout with leaves)
71,尘,3749703.jpg,(- the dust 土 kicked up by the deer 鹿) .
72,臣,3749878.jpg,(- eye-mu 目 mù that watches over you)
73,辰,3750197.jpg,Hoe 鋤頭 or plow 犁. A man with two hands holding a hoe. 5th terrestrial branch. from 7 a.m. to 9 a.m.
74,辰,3750391.jpg,Hoe 鋤頭 or plow 犁. A man with two hands holding a hoe. 5th terrestrial branch. from 7 a.m. to 9 a.m.
75,辰,3751620.jpg,Hoe 鋤頭 or plow 犁. A man with two hands holding a hoe. 5th terrestrial branch. from 7 a.m. to 9 a.m.
76,辰,3751882.jpg,Hoe 鋤頭 or plow 犁. A man with two hands holding a hoe. 5th terrestrial branch. from 7 a.m. to 9 a.m.
77,辰,3751979.jpg,Hoe 鋤頭 or plow 犁. A man with two hands holding a hoe. 5th terrestrial branch. from 7 a.m. to 9 a.m.
78,辰,3752893.jpg,Hoe 鋤頭 or plow 犁. A man with two hands holding a hoe. 5th terrestrial branch. from 7 a.m. to 9 a.m.
79,辰,3752694.jpg,Hoe 鋤頭 or plow 犁. A man with two hands holding a hoe. 5th terrestrial branch. from 7 a.m. to 9 a.m.
80,承,3756867.jpg,(- man being lifted up by three hands)
81,乘,3756908.jpg,(- a man climbing a tree)
82,赤,3758466.jpg,(- fire which heats a naked person)
83,赤,3758952.jpg,(- fire which heats a naked person)
84,虫,3800620.jpg,(- later came to mean insect or other biting animal)
85,虫,3800943.jpg,(- later came to mean insect or other biting animal)
86,丑,3800186.jpg,(- a hand making a fist)
87,丑,3801537.jpg,(- a hand making a fist)
88,丑,3801293.jpg,(- a hand making a fist)
89,丑,3801355.jpg,(- a hand making a fist)
90,出,3802249.jpg,(- foot leaving an enclosure)
91,出,3802774.jpg,(- foot leaving an enclosure)
92,初,3803769.jpg,(- begin to make cloths by cutting the cloth)
93,刍,3805888.jpg,B017 刍[芻] chú person holding sheaves of grass. 㑳㑇 㥮㤘 雛雏 趨趋 皱皺 謅诌 縐绉 鄒邹 騶驺  𤔌 yǐn A257 稳[穩]刍𤔌 B124 隐[隱]刍𤔌 not 㦩 delete-工 𪺍𤔌 cursive ⺈爫 cursive 刍𪺍  㥯 yǐn not simplified to 急 刍(急) jí  急 from 㤂 刍(煞) shā 煞 unclear origin
94,刍,3806549.jpg,B017 刍[芻] chú person holding sheaves of grass. 㑳㑇 㥮㤘 雛雏 趨趋 皱皺 謅诌 縐绉 鄒邹 騶驺  𤔌 yǐn A257 稳[穩]刍𤔌 B124 隐[隱]刍𤔌 not 㦩 delete-工 𪺍𤔌 cursive ⺈爫 cursive 刍𪺍  㥯 yǐn not simplified to 急 刍(急) jí  急 from 㤂 刍(煞) shā 煞 unclear origin
95,楚,3806662.jpg,cant go 足 because of brush 林
96,豖,3806749.jpg,(- a shackled pig)
97,大,3815156.jpg,(- man modified 㚒奭爽㚒夫夰黃  去厺㚎 天 吳吴 奚央  奐奂 夲美夭夷 赤灻𤆍 矩) (- man 奎奈𡘹奄奈奔夸契奬𡙏奘驮耎奕) (- hands 奧樊奠𡚁) (- big 奩奓奞 奪夺 奋奮 耷奢𢧤奀尖尜夯) (- phonetic 达杕) (- cover 盇) (- other 羍輋莫类犬夼套)
98,大,3816767.jpg,(- man modified 㚒奭爽㚒夫夰黃  去厺㚎 天 吳吴 奚央  奐奂 夲美夭夷 赤灻𤆍 矩) (- man 奎奈𡘹奄奈奔夸契奬𡙏奘驮耎奕) (- hands 奧樊奠𡚁) (- big 奩奓奞 奪夺 奋奮 耷奢𢧤奀尖尜夯) (- phonetic 达杕) (- cover 盇) (- other 羍輋莫类犬夼套)
99,带,3816815.jpg,"(- a belt, top and bottom synching up"
100,带,3817315.jpg,"(- a belt, top and bottom synching up"
101,带,3817172.jpg,"(- a belt, top and bottom synching up"
102,丹,3818737.jpg,"(crucible of mercury 𠁿) (the more ancient character 𠂁) (crush, heat HgS, condense mercury vapor)"
103,单,3818438.jpg,"(- probably a sling, 田 is the pocket and rock and lower line is path of rock) (- possibly a cicada, two big eyes and a body)  (- original 单蝉單蟬 chán) (- some think it is a forked weapon of some kind)"
104,单,3818185.jpg,"(- probably a sling, 田 is the pocket and rock and lower line is path of rock) (- possibly a cicada, two big eyes and a body)  (- original 单蝉單蟬 chán) (- some think it is a forked weapon of some kind)"
105,单,3819718.jpg,"(- probably a sling, 田 is the pocket and rock and lower line is path of rock) (- possibly a cicada, two big eyes and a body)  (- original 单蝉單蟬 chán) (- some think it is a forked weapon of some kind)"
106,旦,3819518.jpg,(- sun above horizon).
107,旦,3819658.jpg,(- sun above horizon).
108,刀,3820136.jpg,(- an ancient knife) (- In context it is usually 刂)
109,刀,3820764.jpg,(- an ancient knife) (- In context it is usually 刂)
110,得,3821854.jpg,(- to acquire money on the street).
111,登,3821667.jpg,Carrying a ritual vessel up to the altar. not simplified 登登 A045 灯[燈]丁登 A328 证[證]正登 A046 邓[鄧]又登 C068 澄<澂>
112,弟,3821719.jpg,"(- a string wrapped around a bobbin) (- probably something the young boys did, spinning)"
113,弟,3822161.jpg,"(- a string wrapped around a bobbin) (- probably something the young boys did, spinning)"
114,帝,3823586.jpg,"(- head decorations 揥𪪶楴, ties 缔, sheaf 𥠒 , it shows to the way the kings hair was tied)"
115,帝,3823620.jpg,"(- head decorations 揥𪪶楴, ties 缔, sheaf 𥠒 , it shows to the way the kings hair was tied)"
116,帝,3824804.jpg,"(- head decorations 揥𪪶楴, ties 缔, sheaf 𥠒 , it shows to the way the kings hair was tied)"
117,典,3824490.jpg,In older characters the table is two hands holding a scroll.
118,典,3824844.jpg,In older characters the table is two hands holding a scroll.
119,典,3825322.jpg,In older characters the table is two hands holding a scroll.
120,典,3825177.jpg,In older characters the table is two hands holding a scroll.
121,奠,3825362.jpg,(- offering a bottle of alcohol on a table)
122,奠,3825697.jpg,(- offering a bottle of alcohol on a table)
123,吊,3826331.jpg,(- to hang) (- pictograph- a man with a snake wrapped around his body)
124,丁,3826630.jpg,"(- original meaning appears to be ""nail"", and appears as a circle or square, possibly representing a mortise and tenon) (- a mortise and tenon, now meaning nail) A045 灯[燈]登"
125,丁,3829484.jpg,"(- original meaning appears to be ""nail"", and appears as a circle or square, possibly representing a mortise and tenon) (- a mortise and tenon, now meaning nail) A045 灯[燈]登"
126,丁,3829304.jpg,"(- original meaning appears to be ""nail"", and appears as a circle or square, possibly representing a mortise and tenon) (- a mortise and tenon, now meaning nail) A045 灯[燈]登"
127,丁,3829869.jpg,"(- original meaning appears to be ""nail"", and appears as a circle or square, possibly representing a mortise and tenon) (- a mortise and tenon, now meaning nail) A045 灯[燈]登"
128,丁,3830494.jpg,"(- original meaning appears to be ""nail"", and appears as a circle or square, possibly representing a mortise and tenon) (- a mortise and tenon, now meaning nail) A045 灯[燈]登"
129,鼎,3830794.jpg,(- ritual-vessel-ding) (- some four legs some three legs)
130,鼎,3830712.jpg,(- ritual-vessel-ding) (- some four legs some three legs)
131,东,3832339.jpg,"(- 1 from a package, tied at both ends, containing something 東西) (- 2 from 東 or 束 indicating sun behind tree - raising)"
132,东,3832879.jpg,"(- 1 from a package, tied at both ends, containing something 東西) (- 2 from 東 or 束 indicating sun behind tree - raising)"
133,冬,3832148.jpg,(- the pegs on a sun dial that indicate the winter solstice and frost 仌 bīng)
134,冬,3833480.jpg,(- the pegs on a sun dial that indicate the winter solstice and frost 仌 bīng)
135,斗,3833502.jpg,(- a dipper)
136,斗,3833639.jpg,(- a dipper)
137,豆,3833901.jpg,(- see 壴 zhù)
138,豆,3834546.jpg,(- see 壴 zhù)
139,豆,3835624.jpg,(- see 壴 zhù)
140,督,3836402.jpg,(- to look over)
141,督,3836569.jpg,(- to look over)
142,对,3837810.jpg,(- possibly a hedge to indicate a boundary) (- early meaning to answer 應答) (- see 業)
143,兑,3837908.jpg,(- speech).
144,多,3838114.jpg,"(- meaning lots of meat, much)."
145,多,3838742.jpg,"(- meaning lots of meat, much)."
146,儿,3839605.jpg,(- in context when pronounced 兒 ní it is not simplified) (- child with up-raised hands wanting to be picked up)
147,而,3839146.jpg,(- a beard when standing alone 而 or in 耎) (- a root 不 in 耑)  (- a man 大 in 需)
148,耳,3840235.jpg,(- an ear)
149,二,3840959.jpg,(- different code points 二 èr and 𠄞 shàng but they look exactly the same)
150,二,3841470.jpg,(- different code points 二 èr and 𠄞 shàng but they look exactly the same)
151,凡,3842149.jpg,(- 凡凢 sail cloth - big - all)  (- original 凡帆)  (- phonetic 釩汎矾梵) (- phonetic-cognate 旁㫄) (- distorted 凤鳳 风風 同 佩珮) (- see 巩𢀜鞏) (- monstrosity 𦝠𦟀𣎆)
152,匚,3843235.jpg,A box - viewed from the left. Shuowen: two characters same definition. Different seal and kai forms. No logical difference 匚 fāng Kangxi 22 匸 xì Kangxi 23
153,匚,3843747.jpg,A box - viewed from the left. Shuowen: two characters same definition. Different seal and kai forms. No logical difference 匚 fāng Kangxi 22 匸 xì Kangxi 23
154,方,3843603.jpg,(- man carrying a carrying pole 扁擔) (- it carries stuff 東西 bag and basket) (- it has two ends east 東 and west 西)  (- 放 means to put down the carrying pole)
155,方,3844481.jpg,(- man carrying a carrying pole 扁擔) (- it carries stuff 東西 bag and basket) (- it has two ends east 東 and west 西)  (- 放 means to put down the carrying pole)
156,方,3846576.jpg,(- man carrying a carrying pole 扁擔) (- it carries stuff 東西 bag and basket) (- it has two ends east 東 and west 西)  (- 放 means to put down the carrying pole)
157,方,3846284.jpg,(- man carrying a carrying pole 扁擔) (- it carries stuff 東西 bag and basket) (- it has two ends east 東 and west 西)  (- 放 means to put down the carrying pole)
158,彷,3847927.jpg,(- confusion about 彳 being a double person)
159,非,3847379.jpg,(- possibly back to back people in disagreement) (- possibly broken wings)
160,非,3848299.jpg,(- possibly back to back people in disagreement) (- possibly broken wings)
161,分,3850911.jpg,(- separation).
162,丰,3851918.jpg,"(- Sichuan Fengdu 酆都 now 丰都)  (- a drummer on each side of the drum 壴, not jade, not herbs)"
163,丰,3851321.jpg,"(- Sichuan Fengdu 酆都 now 丰都)  (- a drummer on each side of the drum 壴, not jade, not herbs)"
164,丰,3852796.jpg,"(- Sichuan Fengdu 酆都 now 丰都)  (- a drummer on each side of the drum 壴, not jade, not herbs)"
165,丰,3852323.jpg,"(- Sichuan Fengdu 酆都 now 丰都)  (- a drummer on each side of the drum 壴, not jade, not herbs)"
166,丰,3852798.jpg,"(- Sichuan Fengdu 酆都 now 丰都)  (- a drummer on each side of the drum 壴, not jade, not herbs)"
167,风,3853828.jpg,(- the original snake was a two headed snake indicating the rainbow 虹 hóng).
168,风,3854172.jpg,(- the original snake was a two headed snake indicating the rainbow 虹 hóng).
169,风,3854966.jpg,(- the original snake was a two headed snake indicating the rainbow 虹 hóng).
170,风,3855373.jpg,(- the original snake was a two headed snake indicating the rainbow 虹 hóng).
171,风,3855885.jpg,(- the original snake was a two headed snake indicating the rainbow 虹 hóng).
172,封,3856371.jpg,(- hedge indicating boundary 𡵞𡉚 生) (not- 對) (- in seal we have
173,封,3856877.jpg,(- hedge indicating boundary 𡵞𡉚 生) (not- 對) (- in seal we have
174,封,3857207.jpg,(- hedge indicating boundary 𡵞𡉚 生) (not- 對) (- in seal we have
175,封,3857731.jpg,(- hedge indicating boundary 𡵞𡉚 生) (not- 對) (- in seal we have
176,夆,3858117.jpg,(- walking through brush - resistance)
177,夆,3858163.jpg,(- walking through brush - resistance)
178,缶,3858181.jpg,(- a clay jug with lid)
179,夫,3859883.jpg,(- man with top bun tied on top of head)
180,弗,3900811.jpg,(- probably indicating the warp and weft of a loom)
181,孚,3901381.jpg,(- baby 子 being held in hand 爫)
182,服,3901109.jpg,(- 服人 servant) (- 服務 service) (- 衣服 cloths)
183,福,3902695.jpg,(- something from God)
184,福,3902617.jpg,(- something from God)
185,甫,3902111.jpg,"(- to sow seeds, or a sprout, thus to begin)"
186,父,3903644.jpg,"(- hand holding an ax 斧头  borrowed for sound,  indicating father."
187,父,3903576.jpg,"(- hand holding an ax 斧头  borrowed for sound,  indicating father."
188,阜,3905340.jpg,"(- a wall, viewed from the left side, showing the turrets)"
189,阜,3905537.jpg,"(- a wall, viewed from the left side, showing the turrets)"
190,富,3906386.jpg,(- which contains stuff)
191,富,3906320.jpg,(- which contains stuff)
192,干,3907584.jpg,"(- a fork shaped weapon, sometimes possibly shown with a shield)"
193,甘,3907460.jpg,(- something in the mouth)
194,高,3909478.jpg,(- tall building)
195,杲,3910699.jpg,(- see 杳)
196,告,3911429.jpg,(- in Xiamen dialect cow is pronounced gu) (- cow acts as watch dog at night)
197,戈,3912413.jpg,"(long handled instrument, could be anything from a rake to a halberd) (几幾 jǐ, 戎𢦦 róng, 戍 shù, 我𢦐 wǒ, 戊 wù, 戌 xū, 戉 yuè, 㦰 jiān, 𢦏𢦒𢦔 zāi, 武 wǔ, 戒 jiè, 戯戲戏 戰战, 只戠 zhí, 几幾 jǐ) (- 戜 dié, 或 huò, 截𢧵 jié)  (- normal 㦷戳戥伐戤戢戟𢧢戛戞戔戩戡戣戮戕戧找戭)"
198,戈,3912945.jpg,"(long handled instrument, could be anything from a rake to a halberd) (几幾 jǐ, 戎𢦦 róng, 戍 shù, 我𢦐 wǒ, 戊 wù, 戌 xū, 戉 yuè, 㦰 jiān, 𢦏𢦒𢦔 zāi, 武 wǔ, 戒 jiè, 戯戲戏 戰战, 只戠 zhí, 几幾 jǐ) (- 戜 dié, 或 huò, 截𢧵 jié)  (- normal 㦷戳戥伐戤戢戟𢧢戛戞戔戩戡戣戮戕戧找戭)"
199,鬲,3913696.jpg,(- three footed cooker that sits over a fire)
200,鬲,3913346.jpg,(- three footed cooker that sits over a fire)
201,鬲,3914265.jpg,(- three footed cooker that sits over a fire)
202,鬲,3914560.jpg,(- three footed cooker that sits over a fire)
203,鬲,3914614.jpg,(- three footed cooker that sits over a fire)
204,鬲,3915392.jpg,(- three footed cooker that sits over a fire)
205,更,3916508.jpg,(- a hand 攴 stoking a fire 丙)
206,庚,3916190.jpg,"(- Oracle character: appears to be holding something else, maybe a pestle 午)"
207,庚,3917697.jpg,"(- Oracle character: appears to be holding something else, maybe a pestle 午)"
208,庚,3917733.jpg,"(- Oracle character: appears to be holding something else, maybe a pestle 午)"
209,庚,3917431.jpg,"(- Oracle character: appears to be holding something else, maybe a pestle 午)"
210,庚,3918682.jpg,"(- Oracle character: appears to be holding something else, maybe a pestle 午)"
211,庚,3918138.jpg,"(- Oracle character: appears to be holding something else, maybe a pestle 午)"
212,庚,3918908.jpg,"(- Oracle character: appears to be holding something else, maybe a pestle 午)"
213,工,3918418.jpg,(- 𢒄 is a ruler in 式)  (- 壬 is probably a 扁擔 or carrying pole in most other cases as in 贡貢) (remnant ) (phonetic )
214,工,3919703.jpg,(- 𢒄 is a ruler in 式)  (- 壬 is probably a 扁擔 or carrying pole in most other cases as in 贡貢) (remnant ) (phonetic )
215,工,3919611.jpg,(- 𢒄 is a ruler in 式)  (- 壬 is probably a 扁擔 or carrying pole in most other cases as in 贡貢) (remnant ) (phonetic )
216,弓,3919454.jpg,(- a bow)
217,公,3920763.jpg,㕣𠮦 cursive form of 公. 𠮦 cursive form of 召. agitated 怱悤 to 忩 to 总 zǒng.
218,肱,3920952.jpg,(- original 厷肱)
219,肱,3920958.jpg,(- original 厷肱)
220,宫,3921697.jpg,"(宫)宮 indicating many rooms, thus palace"
221,冓,3922945.jpg,Shuowen 交積材 gate to be pulled together see 構 gòu  see 𨺅 see 𨽩𨽝 see 再
222,古,3923637.jpg,(- possibly meaning straight talk from old people)
223,谷,3924394.jpg,(- indicating water from a source as in 山谷 meaning valley)  (- maybe grain in mouth)
224,毌,3927424.jpg,two hands grabbing something. 头(贯)貫 guan  (贵)貴䝿 guì (虏)虜虜 lǔ (娄)婁𡝨𡜰 lóu (数)數 shù
225,毌,3927454.jpg,two hands grabbing something. 头(贯)貫 guan  (贵)貴䝿 guì (虏)虜虜 lǔ (娄)婁𡝨𡜰 lóu (数)數 shù
226,毌,3927988.jpg,two hands grabbing something. 头(贯)貫 guan  (贵)貴䝿 guì (虏)虜虜 lǔ (娄)婁𡝨𡜰 lóu (数)數 shù
227,毌,3928714.jpg,two hands grabbing something. 头(贯)貫 guan  (贵)貴䝿 guì (虏)虜虜 lǔ (娄)婁𡝨𡜰 lóu (数)數 shù
228,雚,3930726.jpg,owl with eyes and top notch. 又雚 in  C232 歡<懽讙驩> + A096 欢[歡]雚 A082 观[觀] A207 权[權] A208 劝[勸] C207 罐<鑵> C231 獾<貛䝔> no change in 灌灌 爟爟 瓘瓘 鹳鸛 颧顴
229,雚,3930286.jpg,owl with eyes and top notch. 又雚 in  C232 歡<懽讙驩> + A096 欢[歡]雚 A082 观[觀] A207 权[權] A208 劝[勸] C207 罐<鑵> C231 獾<貛䝔> no change in 灌灌 爟爟 瓘瓘 鹳鸛 颧顴
230,龟,3933917.jpg,(- animal turtle) (- significant font differences)
231,龟,3934744.jpg,(- animal turtle) (- significant font differences)
232,龟,3934234.jpg,(- animal turtle) (- significant font differences)
233,龟,3934636.jpg,(- animal turtle) (- significant font differences)
234,癸,3934502.jpg,(- possibly grass)
235,癸,3935490.jpg,(- possibly grass)
236,鬼,3935981.jpg,(- animal with an ugly head and a tail)
237,鬼,3935231.jpg,(- animal with an ugly head and a tail)
238,鲧,3936969.jpg,(- The line is catching the fish in the ancient form)
239,鲧,3936805.jpg,(- The line is catching the fish in the ancient form)
240,果,3936605.jpg,(- fruit)
241,果,3937259.jpg,(- fruit)
242,果,3937430.jpg,(- fruit)
243,亥,3937265.jpg,"(- terrestrial branch number 12) (- possible, a pig of some kind)"
244,亥,3938238.jpg,"(- terrestrial branch number 12) (- possible, a pig of some kind)"
245,亥,3938367.jpg,"(- terrestrial branch number 12) (- possible, a pig of some kind)"
246,亥,3938362.jpg,"(- terrestrial branch number 12) (- possible, a pig of some kind)"
247,亥,3939199.jpg,"(- terrestrial branch number 12) (- possible, a pig of some kind)"
248,禾,3941255.jpg,(- plant grain stalk)
249,禾,3942818.jpg,(- plant grain stalk)
250,合,3942596.jpg,"(pot 口 and lid 亼 = join) (mouth 1 亼, and mouth 2 口 = to agree)"
251,合,3942111.jpg,"(pot 口 and lid 亼 = join) (mouth 1 亼, and mouth 2 口 = to agree)"
252,合,3943844.jpg,"(pot 口 and lid 亼 = join) (mouth 1 亼, and mouth 2 口 = to agree)"
253,合,3944478.jpg,"(pot 口 and lid 亼 = join) (mouth 1 亼, and mouth 2 口 = to agree)"
254,合,3945750.jpg,"(pot 口 and lid 亼 = join) (mouth 1 亼, and mouth 2 口 = to agree)"
255,合,3946904.jpg,"(pot 口 and lid 亼 = join) (mouth 1 亼, and mouth 2 口 = to agree)"
256,合,3946914.jpg,"(pot 口 and lid 亼 = join) (mouth 1 亼, and mouth 2 口 = to agree)"
257,合,3946627.jpg,"(pot 口 and lid 亼 = join) (mouth 1 亼, and mouth 2 口 = to agree)"
258,合,3947177.jpg,"(pot 口 and lid 亼 = join) (mouth 1 亼, and mouth 2 口 = to agree)"
259,合,3947915.jpg,"(pot 口 and lid 亼 = join) (mouth 1 亼, and mouth 2 口 = to agree)"
260,何,3947281.jpg,Man carrying a hoe or scythe. Man who caries a tool and sings while he works. see 何可哥歌
261,何,3948358.jpg,Man carrying a hoe or scythe. Man who caries a tool and sings while he works. see 何可哥歌
262,龢,3949958.jpg,(- now 和)
263,龢,3950441.jpg,(- now 和)
264,虹,3951504.jpg,(- original oracle was a two headed snake indicating the rainbow) .
265,后,3952380.jpg,(- right facing person who gives orders) (mirror- 后司) (mirror- 𠂋匕-人)
266,厚,3953899.jpg,(- inverted grain-silo-xiang 亯 xiǎng)
267,乎,3953989.jpg,"(- probably from a sundial indicating 气彡 air on top and remnant 丅 the sundial below. The references to ""breath"" come from the three strokes 彡)"
268,虍,3954546.jpg,(- a tiger head and teeth) 虎hǔ 虐nüè
269,壶,3954201.jpg,(- a vase-hu)
270,壶,3954441.jpg,(- a vase-hu)
271,壶,3955393.jpg,(- a vase-hu)
272,壶,3955828.jpg,(- a vase-hu)
273,壶,3955859.jpg,(- a vase-hu)
274,壶,3956945.jpg,(- a vase-hu)
275,虎,3956974.jpg,(- tigers head and body 虎)
276,虎,3956877.jpg,(- tigers head and body 虎)
277,虎,3957469.jpg,(- tigers head and body 虎)
278,户,3957686.jpg,(- a one leafed door-hu 户戶戸 hù)
279,化,3957756.jpg,(- two people one upside down)
280,雈,4013491.jpg,(- egret with a feather tuft)
281,雈,4013570.jpg,(- egret with a feather tuft)
282,雈,4020856.jpg,(- egret with a feather tuft)
283,黄,4020218.jpg,"(- modern versions have a huang 廿璜 huáng around the neck) (- 黃道 - the path of the sun, ecliptic) (- oracle is combination of 大 and 日 or 大 and 口 or Big Sun) (- 太陽道 also means the path of the big light)"
284,黄,4021885.jpg,"(- modern versions have a huang 廿璜 huáng around the neck) (- 黃道 - the path of the sun, ecliptic) (- oracle is combination of 大 and 日 or 大 and 口 or Big Sun) (- 太陽道 also means the path of the big light)"
285,会,4021410.jpg,(- mouths talking 合 about the fields 田 or about rice 米)
286,火,4022928.jpg,(- a fire) (- context 灬)
287,火,4022655.jpg,(- a fire) (- context 灬)
288,及,4026351.jpg,(- right hand grabbing a person)
289,吉,4026764.jpg,(- possibly a storehouse of grain)(- see 享亯)
290,即,4027761.jpg,(- person 卩 eating 皀 - at the moment)
291,即,4027703.jpg,(- person 卩 eating 皀 - at the moment)
292,亟,4028225.jpg,(yelling 口 and hand waving 又 between two 二 people 勹 ) see 仁 荏
293,疾,4028236.jpg,(- disease like being shot with an arrow probably the same origin as 医)
294,疾,4028300.jpg,(- disease like being shot with an arrow probably the same origin as 医)
295,疾,4030536.jpg,(- disease like being shot with an arrow probably the same origin as 医)
296,疾,4030132.jpg,(- disease like being shot with an arrow probably the same origin as 医)
297,疾,4030696.jpg,(- disease like being shot with an arrow probably the same origin as 医)
298,己,4033822.jpg,(- the waft of a loom 𤕦妃改配圮) (- phonetic-signific 忌紀纪記记) (- see 巳 sì 己 jǐ 已 yǐ) (- phonetic in 鱾魢屺芑杞玘) (- remnant in 岂豈)
299,己,4034979.jpg,(- the waft of a loom 𤕦妃改配圮) (- phonetic-signific 忌紀纪記记) (- see 巳 sì 己 jǐ 已 yǐ) (- phonetic in 鱾魢屺芑杞玘) (- remnant in 岂豈)
300,己,4034785.jpg,(- the waft of a loom 𤕦妃改配圮) (- phonetic-signific 忌紀纪記记) (- see 巳 sì 己 jǐ 已 yǐ) (- phonetic in 鱾魢屺芑杞玘) (- remnant in 岂豈)
301,己,4035147.jpg,(- the waft of a loom 𤕦妃改配圮) (- phonetic-signific 忌紀纪記记) (- see 巳 sì 己 jǐ 已 yǐ) (- phonetic in 鱾魢屺芑杞玘) (- remnant in 岂豈)
302,丮,4035212.jpg,(- 丮𠃨 man kneeling - two hands working) (- monstrosity 𦝠𦟀𣎆)  (- 丸 in 埶 亵褻 势勢 热熱 [执]埶 执執 𦏧孰熟 執𡘺𡙕) (- distorted in 夙𡖊
303,旡,4036573.jpg,(- See 既旣既) (- a kneeling man with his head turned away)  (- Opposite of person-qian 欠 qiàn)
304,旡,4036717.jpg,(- See 既旣既) (- a kneeling man with his head turned away)  (- Opposite of person-qian 欠 qiàn)
305,季,4036494.jpg,(- a young 子 sprout 禾 time of year)
306,季,4037565.jpg,(- a young 子 sprout 禾 time of year)
307,既,4037112.jpg,"(- man leaves after eating, indicating since)."
308,既,4039154.jpg,"(- man leaves after eating, indicating since)."
309,夹,4040456.jpg,(- person holding two other persons in each hand)
310,夹,4040409.jpg,(- person holding two other persons in each hand)
311,家,4041949.jpg,(- pigs used to live under the house which were on stilts)
312,家,4041474.jpg,(- pigs used to live under the house which were on stilts)
313,甲,4042914.jpg,(- natural crack joints in the underside of a turtle-shell-jia) (- originally looked like 十) (- 天干 - 甲乙丙丁戊己庚辛壬癸)
314,戋,4042131.jpg,(- the sound they make).
315,姜,4044986.jpg,(- probably from a sheep skin hat)
316,交,4045263.jpg,"(Shuowen: a man with crossed legs) (a fire drill, originally a fire drill and bow for making fire and drilling holes)"
317,角,4045290.jpg,(- a cow horn)
318,解,4046791.jpg,(- cut horn of cow to analyze)
319,介,4046482.jpg,(thought to be a man with armor protecting the border) (probably a man )
320,介,4047682.jpg,(thought to be a man with armor protecting the border) (probably a man )
321,今,4049520.jpg,(inversion- of 曰-今)
322,尽,4049658.jpg,"(- hand with a cleaning brush cleaning a pot - empty, finished)"
323,尽,4049709.jpg,"(- hand with a cleaning brush cleaning a pot - empty, finished)"
324,尽,4050564.jpg,"(- hand with a cleaning brush cleaning a pot - empty, finished)"
325,晋,4050666.jpg,(- probably indicating a command)
326,京,4050351.jpg,(- a high building)  (- See high-building-gao 高 gāo)
327,京,4051511.jpg,(- a high building)  (- See high-building-gao 高 gāo)
328,京,4052468.jpg,(- a high building)  (- See high-building-gao 高 gāo)
329,京,4052830.jpg,(- a high building)  (- See high-building-gao 高 gāo)
330,井,4054494.jpg,(- a square well)
331,竟,4056249.jpg,(- person has spoken - finally
332,九,4056742.jpg,(- believed to be a hand with a hook)
333,九,4056983.jpg,(- believed to be a hand with a hook)
334,九,4057264.jpg,(- believed to be a hand with a hook)
335,九,4058377.jpg,(- believed to be a hand with a hook)
336,旧,4058355.jpg,(- possibly an Osprey who comes back to its old nest 臼)
337,旧,4059840.jpg,(- possibly an Osprey who comes back to its old nest 臼)
338,咎,4100717.jpg,Perhaps from a person 人 who goes his own way 各.
339,亢,4105634.jpg,(- a man girding his loins - to resist)
340,可,4111439.jpg,(- modified 何 original of song 歌 maybe singing as you work - a scythe or hoe from 何) (- see 柯)
341,克,4111370.jpg,(- unclear see 兢 𠓆)
342,克,4111356.jpg,(- unclear see 兢 𠓆)
343,克,4112237.jpg,(- unclear see 兢 𠓆)
344,口,4112965.jpg,(- a mouth 90%) (- other origins in 冏啚回杏...) (inversion- 亼 jí 口)
345,叩,4112823.jpg,(- 口 pronounced like卩)
346,叩,4112967.jpg,(- 口 pronounced like卩)
347,困,4116250.jpg,(- original 困捆綑) (- a tie 囗 around a plant 木 to make it grow in a certain way)
348,来,4116269.jpg,(- fruit hanging on a tree or grain)
349,来,4116608.jpg,(- fruit hanging on a tree or grain)
350,牢,4117600.jpg,(- 宀 a pen)
351,老,4117775.jpg,(- an old man with long hair-lao 耂 leaning on a cane 匕)
352,老,4118846.jpg,(- an old man with long hair-lao 耂 leaning on a cane 匕)
353,老,4118574.jpg,(- an old man with long hair-lao 耂 leaning on a cane 匕)
354,老,4118445.jpg,(- an old man with long hair-lao 耂 leaning on a cane 匕)
355,老,4118822.jpg,(- an old man with long hair-lao 耂 leaning on a cane 匕)
356,老,4119769.jpg,(- an old man with long hair-lao 耂 leaning on a cane 匕)
357,老,4120736.jpg,(- an old man with long hair-lao 耂 leaning on a cane 匕)
358,乐,4120421.jpg,"(- believed to be some drums on a wooden rack, Chinese zither)"
359,李,4122520.jpg,(- The child apparently playing beneath the tree)
360,豊,4122518.jpg,(- Alternate of 禮 lǐ)  (- in context alternate of drum-feng 豐 fēng) (- drum 豆 with flower and two men hitting on both sides)
361,力,4122107.jpg,(- 力 a plow without hand)  (- 耒 a plow with hand) B007 边[邊] B059 历[歷曆] B091 穷[窮] A220 伤[傷]
362,立,4123180.jpg,(- a man standing up on the ground) (- person standing)
363,联,4126944.jpg,(- maybe to tie 絲 the ear 耳 of a cow or connect braids of hair around the ear)
364,联,4126142.jpg,(- maybe to tie 絲 the ear 耳 of a cow or connect braids of hair around the ear)
365,良,4126104.jpg,(- originally a pavilion) (- 廊郎) (not 皀 jí) (not 饣飠食)  (not 𢓴退𨓤) 㫰 俍 埌 娘 崀 悢 朗 浪 烺 桹 狼 琅 稂 筤 粮 莨 踉 螂蜋 郎郞𨝥郒 酿 锒鋃 阆閬
366,良,4127755.jpg,(- originally a pavilion) (- 廊郎) (not 皀 jí) (not 饣飠食)  (not 𢓴退𨓤) 㫰 俍 埌 娘 崀 悢 朗 浪 烺 桹 狼 琅 稂 筤 粮 莨 踉 螂蜋 郎郞𨝥郒 酿 锒鋃 阆閬
367,良,4127707.jpg,(- originally a pavilion) (- 廊郎) (not 皀 jí) (not 饣飠食)  (not 𢓴退𨓤) 㫰 俍 埌 娘 崀 悢 朗 浪 烺 桹 狼 琅 稂 筤 粮 莨 踉 螂蜋 郎郞𨝥郒 酿 锒鋃 阆閬
368,良,4128629.jpg,(- originally a pavilion) (- 廊郎) (not 皀 jí) (not 饣飠食)  (not 𢓴退𨓤) 㫰 俍 埌 娘 崀 悢 朗 浪 烺 桹 狼 琅 稂 筤 粮 莨 踉 螂蜋 郎郞𨝥郒 酿 锒鋃 阆閬
369,吝,4129996.jpg,The cultured man's 文 mouth 口
370,夌,4130114.jpg,(- unclear remnant from mushroom-lu 圥 lù)
371,霝,4131391.jpg,𠱠 are rain drops
372,六,4132340.jpg,(6 sided pagoda 廬) (see 圥坴陸夌踛)
373,六,4132569.jpg,(6 sided pagoda 廬) (see 圥坴陸夌踛)
374,六,4133611.jpg,(6 sided pagoda 廬) (see 圥坴陸夌踛)
375,六,4133278.jpg,(6 sided pagoda 廬) (see 圥坴陸夌踛)
376,龙,4133198.jpg,(- animal snake with inverted 王 on its head) (- cursive left side 丿 remnant 匕 )
377,龙,4134781.jpg,(- animal snake with inverted 王 on its head) (- cursive left side 丿 remnant 匕 )
378,龙,4134721.jpg,(- animal snake with inverted 王 on its head) (- cursive left side 丿 remnant 匕 )
379,卢,4138630.jpg,F033 (户)戶  A168 庐[廬](户)盧 A169 芦[蘆](户)盧 A170 炉[爐](户)盧 A172 驴[驢](户)盧 B066 卢[盧](卢)盧 (垆)壚 (泸)瀘 (栌)櫨 (胪)臚 (舻)艫 (轳)轤 (𬬻)鑪 (颅)顱 (鲈)鱸 (鸬鸕 (not- 戸)
380,卢,4138975.jpg,F033 (户)戶  A168 庐[廬](户)盧 A169 芦[蘆](户)盧 A170 炉[爐](户)盧 A172 驴[驢](户)盧 B066 卢[盧](卢)盧 (垆)壚 (泸)瀘 (栌)櫨 (胪)臚 (舻)艫 (轳)轤 (𬬻)鑪 (颅)顱 (鲈)鱸 (鸬鸕 (not- 戸)
381,卢,4139649.jpg,F033 (户)戶  A168 庐[廬](户)盧 A169 芦[蘆](户)盧 A170 炉[爐](户)盧 A172 驴[驢](户)盧 B066 卢[盧](卢)盧 (垆)壚 (泸)瀘 (栌)櫨 (胪)臚 (舻)艫 (轳)轤 (𬬻)鑪 (颅)顱 (鲈)鱸 (鸬鸕 (not- 戸)
382,卢,4139266.jpg,F033 (户)戶  A168 庐[廬](户)盧 A169 芦[蘆](户)盧 A170 炉[爐](户)盧 A172 驴[驢](户)盧 B066 卢[盧](卢)盧 (垆)壚 (泸)瀘 (栌)櫨 (胪)臚 (舻)艫 (轳)轤 (𬬻)鑪 (颅)顱 (鲈)鱸 (鸬鸕 (not- 戸)
383,卢,4140474.jpg,F033 (户)戶  A168 庐[廬](户)盧 A169 芦[蘆](户)盧 A170 炉[爐](户)盧 A172 驴[驢](户)盧 B066 卢[盧](卢)盧 (垆)壚 (泸)瀘 (栌)櫨 (胪)臚 (舻)艫 (轳)轤 (𬬻)鑪 (颅)顱 (鲈)鱸 (鸬鸕 (not- 戸)
384,卢,4140698.jpg,F033 (户)戶  A168 庐[廬](户)盧 A169 芦[蘆](户)盧 A170 炉[爐](户)盧 A172 驴[驢](户)盧 B066 卢[盧](卢)盧 (垆)壚 (泸)瀘 (栌)櫨 (胪)臚 (舻)艫 (轳)轤 (𬬻)鑪 (颅)顱 (鲈)鱸 (鸬鸕 (not- 戸)
385,鲁,4140952.jpg,(- to have a nose like a fish - foolish).、
386,鹿,4142413.jpg,(- animal deer)
387,鹿,4143496.jpg,(- animal deer)
388,鹿,4143417.jpg,(- animal deer)
389,旅,4148376.jpg,(- who camp under the flag of the army).
390,率,4148792.jpg,(- probably the ratio of warp to woof threads)
391,马,4149166.jpg,(- a horse)
392,买,4151528.jpg,(give cowries 貝 and take your stuff home in a net I net 网) (- see 賣)
393,买,4151375.jpg,(give cowries 貝 and take your stuff home in a net I net 网) (- see 賣)
394,麦,4152842.jpg,(- to go and reap)
395,麦,4152375.jpg,(- to go and reap)
396,麦,4152929.jpg,(- to go and reap)
397,尨,4154175.jpg,(- shaggy dog)
398,卯,4155322.jpg,"Shuowen 冒也 indicates pronunciation. 故二月爲天門 (new month - 5 to 7 AM.) (heliacal setting moon left = old crescent evening moon bent west to heliacal rising moon right = new crescent morning moon bent east) (4th terrestrial branch, 5 to 7 AM.) see 夗昴"
399,卯,4156476.jpg,"Shuowen 冒也 indicates pronunciation. 故二月爲天門 (new month - 5 to 7 AM.) (heliacal setting moon left = old crescent evening moon bent west to heliacal rising moon right = new crescent morning moon bent east) (4th terrestrial branch, 5 to 7 AM.) see 夗昴"
400,每,4201474.jpg,"(- original meaning beautiful, woman with beautiful hair)"
401,每,4202513.jpg,"(- original meaning beautiful, woman with beautiful hair)"
402,每,4202206.jpg,"(- original meaning beautiful, woman with beautiful hair)"
403,美,4202870.jpg,"Sheep is from feather head dress, or possible hair."
404,美,4205659.jpg,"Sheep is from feather head dress, or possible hair."
405,美,4206339.jpg,"Sheep is from feather head dress, or possible hair."
406,美,4206202.jpg,"Sheep is from feather head dress, or possible hair."
407,门,4208503.jpg,(- a gate) (- from 門) (- from 鬥 in 鬧)
408,门,4208244.jpg,(- a gate) (- from 門) (- from 鬥 in 鬧)
409,梦,4209154.jpg,(- eyelids 艹 and eyes 罒 and body 冖勹 of a person sleeping and moon 夕 (- see 㝱)
410,梦,4209917.jpg,(- eyelids 艹 and eyes 罒 and body 冖勹 of a person sleeping and moon 夕 (- see 㝱)
411,梦,4210137.jpg,(- eyelids 艹 and eyes 罒 and body 冖勹 of a person sleeping and moon 夕 (- see 㝱)
412,梦,4210414.jpg,(- eyelids 艹 and eyes 罒 and body 冖勹 of a person sleeping and moon 夕 (- see 㝱)
413,梦,4211147.jpg,(- eyelids 艹 and eyes 罒 and body 冖勹 of a person sleeping and moon 夕 (- see 㝱)
414,米,4212438.jpg,"(- a spike of rice, the dots being the kernels) (- plant)"
415,米,4213555.jpg,"(- a spike of rice, the dots being the kernels) (- plant)"
416,免,4214359.jpg,(- from person-ren 人 below and ceremonial cap above)
417,黾,4215959.jpg,(- a toad)
418,黾,4215303.jpg,(- a toad)
419,黾,4216877.jpg,(- a toad)
420,面,4216662.jpg,(- a face 自 on a head 囗)
421,面,4218934.jpg,(- a face 自 on a head 囗)
422,民,4219924.jpg,(- a needle stuck in the eye)  (original- meaning a blind person 民盲 máng)  (- borrowed for sound)
423,皿,4219464.jpg,(- a large bronze bowl)
424,名,4220331.jpg,"(- The name 口 kǒu given you by the moon 夕 xī , birth name)"
425,名,4222172.jpg,"(- The name 口 kǒu given you by the moon 夕 xī , birth name)"
426,明,4223568.jpg,(- lets in moon light)
427,冥,4223203.jpg,many variants  (冖 covering bright moon 㚖)
428,冥,4224866.jpg,many variants  (冖 covering bright moon 㚖)
429,冥,4225453.jpg,many variants  (冖 covering bright moon 㚖)
430,莫,4226997.jpg,(- sun goes down lost in the grass 茻) (- sun goes down stars 𦬠 come out)
431,莫,4226107.jpg,(- sun goes down lost in the grass 茻) (- sun goes down stars 𦬠 come out)
432,莫,4227353.jpg,(- sun goes down lost in the grass 茻) (- sun goes down stars 𦬠 come out)
433,莫,4227924.jpg,(- sun goes down lost in the grass 茻) (- sun goes down stars 𦬠 come out)
434,莫,4228138.jpg,(- sun goes down lost in the grass 茻) (- sun goes down stars 𦬠 come out)
435,莫,4228356.jpg,(- sun goes down lost in the grass 茻) (- sun goes down stars 𦬠 come out)
436,莫,4229423.jpg,(- sun goes down lost in the grass 茻) (- sun goes down stars 𦬠 come out)
437,莫,4229690.jpg,(- sun goes down lost in the grass 茻) (- sun goes down stars 𦬠 come out)
438,莫,4233478.jpg,(- sun goes down lost in the grass 茻) (- sun goes down stars 𦬠 come out)
439,母,4246148.jpg,(- a woman's breasts with nipples)
440,牡,4246731.jpg,(- the animal on top)
441,木,4247708.jpg,"(- a tree, with branches at top and roots at bottom - wood)"
442,目,4248466.jpg,(- an eye)
443,穆,4250805.jpg,(- a plant and flower with dropping seeds)
444,穆,4251482.jpg,(- a plant and flower with dropping seeds)
445,内,4251488.jpg,(- an open tent flap door)
446,乃,4252237.jpg,(- breasts in 孕奶 meaning beget) (- bow in 隽雋)  (- throwing path in 扔)  (- flowers in 朵朶秀) (- simplification in 乃<迺廼>)  (- smoke and phonetic in 鼐) (- phonetic nai in 氖艿) (- reduced phonetic réng from 扔 in 仍礽辸) (- unclear in 夃𡕔)
447,乃,4252189.jpg,(- breasts in 孕奶 meaning beget) (- bow in 隽雋)  (- throwing path in 扔)  (- flowers in 朵朶秀) (- simplification in 乃<迺廼>)  (- smoke and phonetic in 鼐) (- phonetic nai in 氖艿) (- reduced phonetic réng from 扔 in 仍礽辸) (- unclear in 夃𡕔)
448,乃,4253695.jpg,(- breasts in 孕奶 meaning beget) (- bow in 隽雋)  (- throwing path in 扔)  (- flowers in 朵朶秀) (- simplification in 乃<迺廼>)  (- smoke and phonetic in 鼐) (- phonetic nai in 氖艿) (- reduced phonetic réng from 扔 in 仍礽辸) (- unclear in 夃𡕔)
449,乃,4254187.jpg,(- breasts in 孕奶 meaning beget) (- bow in 隽雋)  (- throwing path in 扔)  (- flowers in 朵朶秀) (- simplification in 乃<迺廼>)  (- smoke and phonetic in 鼐) (- phonetic nai in 氖艿) (- reduced phonetic réng from 扔 in 仍礽辸) (- unclear in 夃𡕔)
450,南,4259622.jpg,"Align an iron bar North and South. Hit it with a hammer. It is magnetized from the earths magnetic field. It is a south pointing needle, or compass."
451,南,4259253.jpg,"Align an iron bar North and South. Hit it with a hammer. It is magnetized from the earths magnetic field. It is a south pointing needle, or compass."
452,年,4303990.jpg,(- a man 千 bringing in a harvest 禾 once a year)  (- see 千)
453,辇,4304432.jpg,(- used to carry or pull a cart)
454,鸟,4305491.jpg,(- a bird)
455,鸟,4306597.jpg,(- a bird)
456,鸟,4306278.jpg,(- a bird)
457,鸟,4307236.jpg,(- a bird)
458,鸟,4307248.jpg,(- a bird)
459,宁,4309493.jpg,(- 寧 níng content traditional  became 宁 níng content simplified) and (- 宁 zhù cowry vice traditional  became 㝉 zhù cowry vice simplified)
460,宁,4310615.jpg,(- 寧 níng content traditional  became 宁 níng content simplified) and (- 宁 zhù cowry vice traditional  became 㝉 zhù cowry vice simplified)
461,宁,4310470.jpg,(- 寧 níng content traditional  became 宁 níng content simplified) and (- 宁 zhù cowry vice traditional  became 㝉 zhù cowry vice simplified)
462,牛,4312104.jpg,"(- a cows' head, horns and ears)"
463,牛,4312386.jpg,"(- a cows' head, horns and ears)"
464,女,4314868.jpg,(- a woman's breasts)  (- some think it is a woman's hands)
465,虐,4314603.jpg,(- to claw)
466,旁,4317830.jpg,(- the side of the sail)
467,朋,4318266.jpg,"(- seal character previously believed to be wings of a large ""peng"" bird) (- oracle character two strings of 5 cowries) (- note 詩經 text 既见君子,锡我百朋)"
468,彭,4319382.jpg,(- striking).
469,品,4319515.jpg,(- houses in 区區) (- products in 闆临臨) (- rocks in 嵒)
470,品,4320119.jpg,(- houses in 区區) (- products in 闆临臨) (- rocks in 嵒)
471,叵,4323681.jpg,"(mirror- 叵-可) (mirror- 𠀀-丂) (- mirror image of ""can"" is ""can't"""
472,七,4323905.jpg,"(- number 7 originally looked like number-ten-shi 十 shí)  (- Some say a modification of scissors-yi 乂 yì which meant to-cut-che 切 qiē, which was pronounced like seven)"
473,七,4324566.jpg,"(- number 7 originally looked like number-ten-shi 十 shí)  (- Some say a modification of scissors-yi 乂 yì which meant to-cut-che 切 qiē, which was pronounced like seven)"
474,齐,4331243.jpg,(- 𠫸 indicating a field of wheat all stocks the same height - even)
475,齐,4332487.jpg,(- 𠫸 indicating a field of wheat all stocks the same height - even)
476,其,4333597.jpg,(original- 其箕) ( basket 𠀠 table 丌)
477,祈,4333275.jpg,(- pray 示 before going to war 斤 or going hunting)
478,启,4339942.jpg,(- start by opening the window or door to start work)
479,弃,4342445.jpg,(- blanket toss two hands and blanket throwing a child up in the air)
480,千,4343798.jpg,(- one unit of one thousand) (- 亻 and 一) A197 千[韆] A025 忏[懺] A111 歼[殲] B087 迁[遷] A199 纤[縴纖]
481,欠,4344963.jpg,(- 欠 a man with mouth facing left)
482,欠,4344906.jpg,(- 欠 a man with mouth facing left)
483,羌,4345169.jpg,(- possibly a sheep skin hat)
484,羌,4346838.jpg,(- possibly a sheep skin hat)
485,羌,4346259.jpg,(- possibly a sheep skin hat)
486,羌,4347939.jpg,(- possibly a sheep skin hat)
487,羌,4347460.jpg,(- possibly a sheep skin hat)
488,妾,4348333.jpg,(- possibly indicating a woman who lays down).
489,秦,4348587.jpg,(- from reduced food-chong 舂𦥽)
490,秦,4349235.jpg,(- from reduced food-chong 舂𦥽)
491,庆,4354134.jpg,(- the heart and walk of a deer)
492,庆,4355827.jpg,(- the heart and walk of a deer)
493,丘,4356821.jpg,(- a small mountain)
494,丘,4357382.jpg,(- a small mountain)
495,丘,4357505.jpg,(- a small mountain)
496,丘,4359851.jpg,(- a small mountain)
497,丘,4400514.jpg,(- a small mountain)
498,秋,4401905.jpg,"(- autumn when people burn 火 the fields 禾 to kill the locust 龜eggs not turtle) (some modern forms have a turtle龜, ancient forms have an insect)"
499,裘,4401626.jpg,求 is the shape of the cloths inside the 衣
500,区,4402832.jpg,(- objects are houses surrounded by a wall).
501,曲,4406173.jpg,(- a feeding tray - warped board)
502,曲,4407269.jpg,(- a feeding tray - warped board)
503,取,4407366.jpg,(- to call forward to hear) (- like pulling a cow by the ear)
504,泉,4418576.jpg,(- a spring with water flowing out)
505,泉,4418623.jpg,(- a spring with water flowing out)
506,泉,4420203.jpg,(- a spring with water flowing out)
507,泉,4421718.jpg,(- a spring with water flowing out)
508,犬,4421625.jpg,(- from a pictograph of a dog 獒獘獃) (- in context written as 犭)
509,冉,4422882.jpg,"not 冓稱爯 rain coat made of grass 衰𧜸縗蓑簑 mustache 髯髥 phonetic 䎃蚺苒 ran,  phonetic 聃 dan, 枏柟 nan,  phonetic 那𨚗𨚉 nà"
510,冉,4422639.jpg,"not 冓稱爯 rain coat made of grass 衰𧜸縗蓑簑 mustache 髯髥 phonetic 䎃蚺苒 ran,  phonetic 聃 dan, 枏柟 nan,  phonetic 那𨚗𨚉 nà"
511,壬,4426138.jpg,(- probably a load 工 on a carrying pole 扁擔 man in middle)
512,壬,4427629.jpg,(- probably a load 工 on a carrying pole 扁擔 man in middle)
513,壬,4428370.jpg,(- probably a load 工 on a carrying pole 扁擔 man in middle)
514,刃,4432475.jpg,(- knife with blood)
515,扔,4434994.jpg,(- 乃 action of throwing something away) (- 乃 becomes phonetic in other characters)
516,日,4435835.jpg,(- the sun)
517,戎,4435416.jpg,(- armor).
518,肉,4435505.jpg,(- ⺼ is a modern font component indicating the difference between 月 and 肉 were 肉 appears as 月 in a character)
519,肉,4436651.jpg,(- ⺼ is a modern font component indicating the difference between 月 and 肉 were 肉 appears as 月 in a character)
520,肉,4437229.jpg,(- ⺼ is a modern font component indicating the difference between 月 and 肉 were 肉 appears as 月 in a character)
521,如,4437319.jpg,"(- 年年如意 May all your years ""like"" you want them. Now it means ""if"" 如果)"
522,如,4438801.jpg,"(- 年年如意 May all your years ""like"" you want them. Now it means ""if"" 如果)"
523,乳,4439593.jpg,(- woman holding child against her breast).
524,入,4439503.jpg,(an open tent door 入)
525,若,4440445.jpg,"(- a woman with her two hands, playing with her hair)"
526,丧,4445810.jpg,(- original mulberry tree-sang 桑 sāng and mouth-kou 口 kǒu borrowed for sound)  (- 奔喪 喪失)
527,丧,4445444.jpg,(- original mulberry tree-sang 桑 sāng and mouth-kou 口 kǒu borrowed for sound)  (- 奔喪 喪失)
528,啬,4446943.jpg,(- a hay stack or silo - thrifty) See 啚 bǐ
529,啬,4446614.jpg,(- a hay stack or silo - thrifty) See 啚 bǐ
530,山,4454845.jpg,(- a mountain)
531,商,4455444.jpg,(- unclear-origin)
532,商,4455273.jpg,(- unclear-origin)
533,商,4455896.jpg,(- unclear-origin)
534,商,4456445.jpg,(- unclear-origin)
535,商,4457540.jpg,(- unclear-origin)
536,商,4457915.jpg,(- unclear-origin)
537,上,4458130.jpg,"(- a mark above the line indicating up) (- different code points 二 èr two and 𠄞𠄠 shàng up,)"
538,少,4458845.jpg,(- small 4 grains of sand) (- double-talk 少 shǎo 眇 miǎo)
539,舌,4459138.jpg,(- 舌 mouth-kou 口 kǒu with a tongue 干) (- in context usually from 𠯑)
540,舌,4459331.jpg,(- 舌 mouth-kou 口 kǒu with a tongue 干) (- in context usually from 𠯑)
541,舌,4500821.jpg,(- 舌 mouth-kou 口 kǒu with a tongue 干) (- in context usually from 𠯑)
542,射,4501509.jpg,(- a hand shooting an arrow from a bow)
543,射,4501688.jpg,(- a hand shooting an arrow from a bow)
544,射,4501983.jpg,(- a hand shooting an arrow from a bow)
545,申,4503266.jpg,(- 工 the sound of thunder)  (- 弓 the shape of lightning)  (- 口 the sound of thunder) (- lightning as in in 電) (- lightning implies god 申神)
546,申,4504671.jpg,(- 工 the sound of thunder)  (- 弓 the shape of lightning)  (- 口 the sound of thunder) (- lightning as in in 電) (- lightning implies god 申神)
547,申,4504297.jpg,(- 工 the sound of thunder)  (- 弓 the shape of lightning)  (- 口 the sound of thunder) (- lightning as in in 電) (- lightning implies god 申神)
548,申,4504559.jpg,(- 工 the sound of thunder)  (- 弓 the shape of lightning)  (- 口 the sound of thunder) (- lightning as in in 電) (- lightning implies god 申神)
549,身,4504613.jpg,(- a pregnant woman 有身)
550,升,4505992.jpg,(- 升 large dipper for measuring rice or water)
551,生,4505449.jpg,(distorted in 毒𤯟耑 壳𡉉𠕓 省𥅱 青𤯞) (生 from seal 𤯓 shēng) (生 from oracle 㞢 shēng) (之 from seal 㞢)
552,省,4508591.jpg,(- the eye of a farmer inspecting the plants) (- see 相)
553,尸,4509525.jpg,(- 尸 person squatting) (- 𡰣 屉屜屧屟 層 屏屛 屡屢) (- woman 居孱羼𡰥)  (- sitting 屎刷㞑尾屚尿屁[属屬]屑㞋屙𡱂屋𡲬屈) (- walking 届屆 尺) (- laying 屍屠辟) (- other 鸤鳲 展㞡 屓屃 尼 屐 履屣) (- 戶 in 局𡱈𢩁)
554,十,4509897.jpg,(- original number 10 - straight line 丨 zhi - later 一 one of 丨 became 十) (- original 十 was first celestial stem - later substituted with 甲) (- original number 7 七 looked like 十) (- indicates completeness 十分)
555,石,4509735.jpg,(- a stone chime 丆 represents rock) (- a rock that can make noise 口)
556,石,4510122.jpg,(- a stone chime 丆 represents rock) (- a rock that can make noise 口)
557,食,4511981.jpg,Originally from a man with an open mouth 亼leaning over some food 皀.
558,食,4511969.jpg,Originally from a man with an open mouth 亼leaning over some food 皀.
559,史,4511329.jpg,(- officials-li 吏叓 lì) (- history-shi 史㕜 shǐ) (- business-shi 事 shì) (- hand touching a reed which writes words)
560,史,4511722.jpg,(- officials-li 吏叓 lì) (- history-shi 史㕜 shǐ) (- business-shi 事 shì) (- hand touching a reed which writes words)
561,史,4512205.jpg,(- officials-li 吏叓 lì) (- history-shi 史㕜 shǐ) (- business-shi 事 shì) (- hand touching a reed which writes words)
562,史,4513469.jpg,(- officials-li 吏叓 lì) (- history-shi 史㕜 shǐ) (- business-shi 事 shì) (- hand touching a reed which writes words)
563,史,4513493.jpg,(- officials-li 吏叓 lì) (- history-shi 史㕜 shǐ) (- business-shi 事 shì) (- hand touching a reed which writes words)
564,矢,4514453.jpg,(- 矢 an arrow)
565,矢,4514791.jpg,(- 矢 an arrow)
566,矢,4517344.jpg,(- 矢 an arrow)
567,矢,4517740.jpg,(- 矢 an arrow)
568,豕,4518120.jpg,(- 豕 a pig)
569,豕,4518275.jpg,(- 豕 a pig)
570,豕,4518440.jpg,(- 豕 a pig)
571,示,4519752.jpg,"(- an altar, indicating things related to the gods)"
572,示,4519627.jpg,"(- an altar, indicating things related to the gods)"
573,示,4520633.jpg,"(- an altar, indicating things related to the gods)"
574,示,4520268.jpg,"(- an altar, indicating things related to the gods)"
575,示,4520392.jpg,"(- an altar, indicating things related to the gods)"
576,奭,4522919.jpg,(- original meaning abundant)
577,奭,4522322.jpg,(- original meaning abundant)
578,奭,4522424.jpg,(- original meaning abundant)
579,奭,4523627.jpg,(- original meaning abundant)
580,奭,4524879.jpg,(- original meaning abundant)
581,首,4526622.jpg,(- head with hair)
582,首,4527278.jpg,(- head with hair)
583,首,4527614.jpg,(- head with hair)
584,首,4527550.jpg,(- head with hair)
585,受,4528508.jpg,(- offloading a boat)
586,受,4528702.jpg,(- offloading a boat)
587,受,4528346.jpg,(- offloading a boat)
588,书,4528667.jpg,(- painting 画畫畵 from 田 tián) (- daytime 晝𦘙 from 日 rì) (- book 書𦘠 from 曰 yuē)
589,殳,4529207.jpg,(- a non descript tool 𠘧) (- 28 from 殳) (- 𠬛𠬸 mò in 没沒 歿殁)
590,殳,4529946.jpg,(- a non descript tool 𠘧) (- 28 from 殳) (- 𠬛𠬸 mò in 没沒 歿殁)
591,黍,4529631.jpg,(- plant grain that holds water)
592,黍,4530568.jpg,(- plant grain that holds water)
593,黍,4530191.jpg,(- plant grain that holds water)
594,黍,4530814.jpg,(- plant grain that holds water)
595,朮,4532853.jpg,(- in Chinese herb 药苍术、白术 pronounced zhú) (- hand holding glutinous rice)
596,戍,4532741.jpg,(- person holding a weapon)
597,戍,4532414.jpg,(- person holding a weapon)
598,束,4534881.jpg,"(- a sheaf, a bundle which is tied) (- see 東柬束帝)"
599,束,4534874.jpg,"(- a sheaf, a bundle which is tied) (- see 東柬束帝)"
600,束,4534640.jpg,"(- a sheaf, a bundle which is tied) (- see 東柬束帝)"
601,束,4535312.jpg,"(- a sheaf, a bundle which is tied) (- see 東柬束帝)"
602,束,4535953.jpg,"(- a sheaf, a bundle which is tied) (- see 東柬束帝)"
603,束,4535256.jpg,"(- a sheaf, a bundle which is tied) (- see 東柬束帝)"
604,庶,4536742.jpg,"(- original meaning to cook with hot rocks 庶牛) (- now meaning ""many"") (- see 席)"
605,纟,4539302.jpg,緋紛縫紱紼縛紺纲綱紞 縞紇給綆緱緄絎紘繙紿 縉經絅糺糾綄繯𦇏綞縗 繪緝績級紀繙紡締絰緞 纏緾綝絺紬綢絀綽純綳 繃編緥纔綵絆綁綜総縂 總緫纵縱組綎纆䌔絪继 繼緘縑繮絳絞紙緻終緣 約紜緼縕綺繾綪縴紂縐 绉紵綴縋綧緇纘緬緲緡 繆納紐紕縹綦綮繦繰綣 纕繞紉紝絨繻縟繖繅紗 繕緔紹紳繩綬紓繳結絹 絕緙絝纊綑纜縲絃线綫 缐緗綃緒續續纁紃綖縯 縊繶繹纓練練練綡繚綾 綹缕縷綠綸絡縵綿緦綏 縮縚縧綯綈緹統紈綰網 維緯紋紊细細𥿳綌纤纖 繒綻縝紖织織紆纈絏緤 紲綉绣繡縭
606,纟,4539815.jpg,緋紛縫紱紼縛紺纲綱紞 縞紇給綆緱緄絎紘繙紿 縉經絅糺糾綄繯𦇏綞縗 繪緝績級紀繙紡締絰緞 纏緾綝絺紬綢絀綽純綳 繃編緥纔綵絆綁綜総縂 總緫纵縱組綎纆䌔絪继 繼緘縑繮絳絞紙緻終緣 約紜緼縕綺繾綪縴紂縐 绉紵綴縋綧緇纘緬緲緡 繆納紐紕縹綦綮繦繰綣 纕繞紉紝絨繻縟繖繅紗 繕緔紹紳繩綬紓繳結絹 絕緙絝纊綑纜縲絃线綫 缐緗綃緒續續纁紃綖縯 縊繶繹纓練練練綡繚綾 綹缕縷綠綸絡縵綿緦綏 縮縚縧綯綈緹統紈綰網 維緯紋紊细細𥿳綌纤纖 繒綻縝紖织織紆纈絏緤 紲綉绣繡縭
607,纟,4539826.jpg,緋紛縫紱紼縛紺纲綱紞 縞紇給綆緱緄絎紘繙紿 縉經絅糺糾綄繯𦇏綞縗 繪緝績級紀繙紡締絰緞 纏緾綝絺紬綢絀綽純綳 繃編緥纔綵絆綁綜総縂 總緫纵縱組綎纆䌔絪继 繼緘縑繮絳絞紙緻終緣 約紜緼縕綺繾綪縴紂縐 绉紵綴縋綧緇纘緬緲緡 繆納紐紕縹綦綮繦繰綣 纕繞紉紝絨繻縟繖繅紗 繕緔紹紳繩綬紓繳結絹 絕緙絝纊綑纜縲絃线綫 缐緗綃緒續續纁紃綖縯 縊繶繹纓練練練綡繚綾 綹缕縷綠綸絡縵綿緦綏 縮縚縧綯綈緹統紈綰網 維緯紋紊细細𥿳綌纤纖 繒綻縝紖织織紆纈絏緤 紲綉绣繡縭
608,司,4540375.jpg,(- left facing person who gives orders)  (mirror- 后司) (mirror- 𠂋匕-人)
609,巳,4542317.jpg,"巳 swaddled baby 夔包巸祀. Often confounded with 己已㠯. 道 in (导)導. Phonetic in 汜祀圯. 卩 in 巽巺𢁅 巷. 㠯 in 异. 起 originally 巳. 巸 correct, 𦣤 wrong."
610,巳,4542236.jpg,"巳 swaddled baby 夔包巸祀. Often confounded with 己已㠯. 道 in (导)導. Phonetic in 汜祀圯. 卩 in 巽巺𢁅 巷. 㠯 in 异. 起 originally 巳. 巸 correct, 𦣤 wrong."
611,巳,4542506.jpg,"巳 swaddled baby 夔包巸祀. Often confounded with 己已㠯. 道 in (导)導. Phonetic in 汜祀圯. 卩 in 巽巺𢁅 巷. 㠯 in 异. 起 originally 巳. 巸 correct, 𦣤 wrong."
612,巳,4543787.jpg,"巳 swaddled baby 夔包巸祀. Often confounded with 己已㠯. 道 in (导)導. Phonetic in 汜祀圯. 卩 in 巽巺𢁅 巷. 㠯 in 异. 起 originally 巳. 巸 correct, 𦣤 wrong."
613,巳,4544125.jpg,"巳 swaddled baby 夔包巸祀. Often confounded with 己已㠯. 道 in (导)導. Phonetic in 汜祀圯. 卩 in 巽巺𢁅 巷. 㠯 in 异. 起 originally 巳. 巸 correct, 𦣤 wrong."
614,兕,4546267.jpg,(- a rhinoceros)
615,兕,4547584.jpg,(- a rhinoceros)
616,夙,4548147.jpg,(- Shuowen says it is from 𠉦𠈇) (- original meaning respect） (- heliacal rising of the moon or respect for the last moon)
617,岁,4549146.jpg,"(- weed 戌 the fields in summer) (- 木星 Jupiter retrograde cycle and orbit of 12 years actually 11.86 years) (- simplification from 歲月 which means ""time"" 月 to 夕)"
618,岁,4550142.jpg,"(- weed 戌 the fields in summer) (- 木星 Jupiter retrograde cycle and orbit of 12 years actually 11.86 years) (- simplification from 歲月 which means ""time"" 月 to 夕)"
619,岁,4550262.jpg,"(- weed 戌 the fields in summer) (- 木星 Jupiter retrograde cycle and orbit of 12 years actually 11.86 years) (- simplification from 歲月 which means ""time"" 月 to 夕)"
620,孙,4550333.jpg,(- children did the spinning)
621,它,4551602.jpg,(- a snake in 蛇 shé)
622,它,4552365.jpg,(- a snake in 蛇 shé)
623,唐,4552143.jpg,(- to brag 荒唐之言《庄子·天下》)
624,唐,4553507.jpg,(- to brag 荒唐之言《庄子·天下》)
625,唐,4553843.jpg,(- to brag 荒唐之言《庄子·天下》)
626,天,4553268.jpg,(- the round sky 囗 above a man 大).
627,天,4554730.jpg,(- the round sky 囗 above a man 大).
628,天,4554669.jpg,(- the round sky 囗 above a man 大).
629,田,4555793.jpg,(- a rice field) (- usually found in context with other meanings)
630,田,4555707.jpg,(- a rice field) (- usually found in context with other meanings)
631,聑,4556637.jpg,(- quiet)
632,同,4556387.jpg,(- indicating- 凡是 every)
633,童,4557152.jpg,"(- a boy carrying a bundle 重 with punishment marker 䇂 on top. Earlier forms, the boy had an eye and no bundle)"
634,童,4557965.jpg,"(- a boy carrying a bundle 重 with punishment marker 䇂 on top. Earlier forms, the boy had an eye and no bundle)"
635,土,4559116.jpg,"(- a potters wheel with a lump of clay indicating earth, clay, sometimes land) (-大 in 去厺㚎 赤灻𤆍 𦍒羍 走𣥚𧺆 幸𠂷𡴘) (-土 in 全 生𤯓㞢 𡈼垂對 重𡍴 堇𡏳 𡉚凷坐在 毁毀) (-之 in 寺) (-other 壳𡉉𠕓 主 黑𪐗 圥𡴆 牡庄𤴶莊) (-phonetic 肚) (-cognate 塞地)"
636,土,4559470.jpg,"(- a potters wheel with a lump of clay indicating earth, clay, sometimes land) (-大 in 去厺㚎 赤灻𤆍 𦍒羍 走𣥚𧺆 幸𠂷𡴘) (-土 in 全 生𤯓㞢 𡈼垂對 重𡍴 堇𡏳 𡉚凷坐在 毁毀) (-之 in 寺) (-other 壳𡉉𠕓 主 黑𪐗 圥𡴆 牡庄𤴶莊) (-phonetic 肚) (-cognate 塞地)"
637,土,4559705.jpg,"(- a potters wheel with a lump of clay indicating earth, clay, sometimes land) (-大 in 去厺㚎 赤灻𤆍 𦍒羍 走𣥚𧺆 幸𠂷𡴘) (-土 in 全 生𤯓㞢 𡈼垂對 重𡍴 堇𡏳 𡉚凷坐在 毁毀) (-之 in 寺) (-other 壳𡉉𠕓 主 黑𪐗 圥𡴆 牡庄𤴶莊) (-phonetic 肚) (-cognate 塞地)"
638,土,4559225.jpg,"(- a potters wheel with a lump of clay indicating earth, clay, sometimes land) (-大 in 去厺㚎 赤灻𤆍 𦍒羍 走𣥚𧺆 幸𠂷𡴘) (-土 in 全 生𤯓㞢 𡈼垂對 重𡍴 堇𡏳 𡉚凷坐在 毁毀) (-之 in 寺) (-other 壳𡉉𠕓 主 黑𪐗 圥𡴆 牡庄𤴶莊) (-phonetic 肚) (-cognate 塞地)"
639,兔,4600626.jpg,(- a rabbit)
640,屯,4602991.jpg,(- a sprout)
641,乇,4603780.jpg,(- probably a support pole of a house)乇 tuō (- See 宅 zhái) 亳 bó C735 咤<吒> zhā
642,乇,4603239.jpg,(- probably a support pole of a house)乇 tuō (- See 宅 zhái) 亳 bó C735 咤<吒> zhā
643,妥,4606347.jpg,(- controlling her).
644,妥,4607901.jpg,(- controlling her).
645,宛,4607668.jpg,"Possibly indicates opposite bent crescents of the new and old moon which would appear to the ancients to happen between one sunset and the next sunrise.  see 夗, 卯 and 昴. 《史记·卷一一七·司马相如传》：「奔星更于闰闼,宛虹拖于楯轩。」"
646,万,4607217.jpg,(- a scorpion with front claws and a tail)
647,万,4608450.jpg,(- a scorpion with front claws and a tail)
648,万,4608691.jpg,(- a scorpion with front claws and a tail)
649,亡,4608907.jpg,(- 亡亾兦 pictograph of a seated blind man with his hand out with a cup)  (- blind man 亡亾兦)  (- beggar 匄) (- original 亡亾兦盲）
650,王,4609748.jpg,"(王 modification of person-stand-li 立 lì with line above indicating sky) (actually 王 is like seal character for jade, the dot was added later to distinguish from king. seal character for king has middle line above center)"
651,王,4609769.jpg,"(王 modification of person-stand-li 立 lì with line above indicating sky) (actually 王 is like seal character for jade, the dot was added later to distinguish from king. seal character for king has middle line above center)"
652,王,4609274.jpg,"(王 modification of person-stand-li 立 lì with line above indicating sky) (actually 王 is like seal character for jade, the dot was added later to distinguish from king. seal character for king has middle line above center)"
653,王,4609349.jpg,"(王 modification of person-stand-li 立 lì with line above indicating sky) (actually 王 is like seal character for jade, the dot was added later to distinguish from king. seal character for king has middle line above center)"
654,网,4610180.jpg,(- net 网)  (- ⺳ in 罕) (- 罒 in 羅) (- 𦉸 in 網) (- original 网網)
655,网,4610921.jpg,(- net 网)  (- ⺳ in 罕) (- 罒 in 羅) (- 𦉸 in 網) (- original 网網)
656,网,4610242.jpg,(- net 网)  (- ⺳ in 罕) (- 罒 in 羅) (- 𦉸 in 網) (- original 网網)
657,往,4611784.jpg,(主 from 止 above 王 below） (originally no 彳 chì) see 𡉚 from 封 but different components.
658,望,4611513.jpg,(- a man looking at the moon)
659,望,4611853.jpg,(- a man looking at the moon)
660,望,4612962.jpg,(- a man looking at the moon)
661,为,4614395.jpg,(- hand feeding 喂 wei an elephant)
662,为,4614223.jpg,(- hand feeding 喂 wei an elephant)
663,韦,4615431.jpg,(- the shuttle going back and forth) (- now 韦韋緯)  (- sometimes 4 feet surrounding a place meaning to protect)  (- now 卫衛)
664,韦,4616201.jpg,(- the shuttle going back and forth) (- now 韦韋緯)  (- sometimes 4 feet surrounding a place meaning to protect)  (- now 卫衛)
665,韦,4617124.jpg,(- the shuttle going back and forth) (- now 韦韋緯)  (- sometimes 4 feet surrounding a place meaning to protect)  (- now 卫衛)
666,韦,4617341.jpg,(- the shuttle going back and forth) (- now 韦韋緯)  (- sometimes 4 feet surrounding a place meaning to protect)  (- now 卫衛)
667,韦,4617285.jpg,(- the shuttle going back and forth) (- now 韦韋緯)  (- sometimes 4 feet surrounding a place meaning to protect)  (- now 卫衛)
668,韦,4618886.jpg,(- the shuttle going back and forth) (- now 韦韋緯)  (- sometimes 4 feet surrounding a place meaning to protect)  (- now 卫衛)
669,唯,4619562.jpg,(- pronounced 口 like 隹)
670,未,4620373.jpg,"(- buds, from a tree 木 something that will arrive in the future 未來)"
671,未,4621233.jpg,"(- buds, from a tree 木 something that will arrive in the future 未來)"
672,未,4621448.jpg,"(- buds, from a tree 木 something that will arrive in the future 未來)"
673,未,4621123.jpg,"(- buds, from a tree 木 something that will arrive in the future 未來)"
674,未,4622631.jpg,"(- buds, from a tree 木 something that will arrive in the future 未來)"
675,未,4622669.jpg,"(- buds, from a tree 木 something that will arrive in the future 未來)"
676,文,4622598.jpg,"(- fine cloths have always been a symbol of wealth and culture, heart being the chest) (- original 文紋) B084 齐[齊] B063 刘[劉] A325 这[這] B011 产[産] A320 斋[齋] A063 坟[墳]"
677,文,4623400.jpg,"(- fine cloths have always been a symbol of wealth and culture, heart being the chest) (- original 文紋) B084 齐[齊] B063 刘[劉] A325 这[這] B011 产[産] A320 斋[齋] A063 坟[墳]"
678,文,4624889.jpg,"(- fine cloths have always been a symbol of wealth and culture, heart being the chest) (- original 文紋) B084 齐[齊] B063 刘[劉] A325 这[這] B011 产[産] A320 斋[齋] A063 坟[墳]"
679,文,4625247.jpg,"(- fine cloths have always been a symbol of wealth and culture, heart being the chest) (- original 文紋) B084 齐[齊] B063 刘[劉] A325 这[這] B011 产[産] A320 斋[齋] A063 坟[墳]"
680,问,4626330.jpg,(- to-ask-wen 问問 wèn)
681,问,4626170.jpg,(- to-ask-wen 问問 wèn)
682,我,4627433.jpg,(- 我𢦐 rake or saw)
683,我,4627428.jpg,(- 我𢦐 rake or saw)
684,我,4627188.jpg,(- 我𢦐 rake or saw)
685,我,4628314.jpg,(- 我𢦐 rake or saw)
686,巫,4629159.jpg,"(- 巫☩ unknown symbol meaning) (- sometimes 亼 on top, 口 on bottom) (- perhaps speaking to the gods)"
687,五,4629139.jpg,"(- originally 5 horizontal strokes, 3 in the middle become an 㐅)"
688,五,4630758.jpg,"(- originally 5 horizontal strokes, 3 in the middle become an 㐅)"
689,午,4631541.jpg,(- a large double ended pestle for dehusking rice)
690,午,4632582.jpg,(- a large double ended pestle for dehusking rice)
691,午,4632396.jpg,(- a large double ended pestle for dehusking rice)
692,午,4633423.jpg,(- a large double ended pestle for dehusking rice)
693,舞,4634518.jpg,(- dancer-nothing-wu 無 now feet-dancing-wu 舞)
694,舞,4634467.jpg,(- dancer-nothing-wu 無 now feet-dancing-wu 舞)
695,舞,4635280.jpg,(- dancer-nothing-wu 無 now feet-dancing-wu 舞)
696,舞,4637871.jpg,(- dancer-nothing-wu 無 now feet-dancing-wu 舞)
697,兀,4641138.jpg,(- a table)  (- a man)
698,兀,4641572.jpg,(- a table)  (- a man)
699,勿,4641197.jpg,"(- a knife with drops of blood) (- knife in 物刎 忽 利𥝢𥝤) (- borrowed to mean ""not"") (- light in 昜𠃓 易 㫚昒) (- phonetic in 囫笏芴) (- mustache in 吻脗 (- window in 匆)"
700,勿,4641413.jpg,"(- a knife with drops of blood) (- knife in 物刎 忽 利𥝢𥝤) (- borrowed to mean ""not"") (- light in 昜𠃓 易 㫚昒) (- phonetic in 囫笏芴) (- mustache in 吻脗 (- window in 匆)"
701,勿,4642182.jpg,"(- a knife with drops of blood) (- knife in 物刎 忽 利𥝢𥝤) (- borrowed to mean ""not"") (- light in 昜𠃓 易 㫚昒) (- phonetic in 囫笏芴) (- mustache in 吻脗 (- window in 匆)"
702,戊,4642274.jpg,(- a long handled tool)
703,戊,4642736.jpg,(- a long handled tool)
704,戊,4643548.jpg,(- a long handled tool)
705,戊,4644483.jpg,(- a long handled tool)
706,戊,4644100.jpg,(- a long handled tool)
707,戊,4645957.jpg,(- a long handled tool)
708,戊,4645117.jpg,(- a long handled tool)
709,戊,4645138.jpg,(- a long handled tool)
710,物,4646726.jpg,"(- originally in 物 a cow was property that you could kill and eat, thus a thing)"
711,夕,4646590.jpg,(- stand alone moon 夕) (- moon in 梦夢岁名汐𡖍) (- meat in 奖多酱夤飧) (- question in 外夗夙𡖊) (- bone in 𡿪歺歹) (- foot in 舛) (- phonetic in 穸) (- remnant in 罗)
712,夕,4646591.jpg,(- stand alone moon 夕) (- moon in 梦夢岁名汐𡖍) (- meat in 奖多酱夤飧) (- question in 外夗夙𡖊) (- bone in 𡿪歺歹) (- foot in 舛) (- phonetic in 穸) (- remnant in 罗)
713,兮,4647497.jpg,"(- unclear-origin, looks like an altar)  (original- 兮羲 xī)"
714,兮,4647929.jpg,"(- unclear-origin, looks like an altar)  (original- 兮羲 xī)"
715,西,4648576.jpg,(1 Shuowen - bird 弓 descends on nest at night at sunset 㢴卥 like the sun descends) (2 sometimes looks like basket 甾 of something. see 東西) (3 possibly a bag of something)
716,西,4648944.jpg,(1 Shuowen - bird 弓 descends on nest at night at sunset 㢴卥 like the sun descends) (2 sometimes looks like basket 甾 of something. see 東西) (3 possibly a bag of something)
717,西,4649836.jpg,(1 Shuowen - bird 弓 descends on nest at night at sunset 㢴卥 like the sun descends) (2 sometimes looks like basket 甾 of something. see 東西) (3 possibly a bag of something)
718,西,4649643.jpg,(1 Shuowen - bird 弓 descends on nest at night at sunset 㢴卥 like the sun descends) (2 sometimes looks like basket 甾 of something. see 東西) (3 possibly a bag of something)
719,西,4649708.jpg,(1 Shuowen - bird 弓 descends on nest at night at sunset 㢴卥 like the sun descends) (2 sometimes looks like basket 甾 of something. see 東西) (3 possibly a bag of something)
720,昔,4649737.jpg,(- winter solstice sacrifice of meat)
721,奚,4650732.jpg,(- possibly slave with rope around neck) 奚奚 (- possibly a puppet on a string) simplified  A103鸡[鷄]又奚 C246 鷄<雞> But 蹊蹊 傒傒 溪溪 谿谿 鼷鼷 𫘬騱 C635 鞋<鞵>
722,奚,4651989.jpg,(- possibly slave with rope around neck) 奚奚 (- possibly a puppet on a string) simplified  A103鸡[鷄]又奚 C246 鷄<雞> But 蹊蹊 傒傒 溪溪 谿谿 鼷鼷 𫘬騱 C635 鞋<鞵>
723,奚,4651672.jpg,(- possibly slave with rope around neck) 奚奚 (- possibly a puppet on a string) simplified  A103鸡[鷄]又奚 C246 鷄<雞> But 蹊蹊 傒傒 溪溪 谿谿 鼷鼷 𫘬騱 C635 鞋<鞵>
724,奚,4651783.jpg,(- possibly slave with rope around neck) 奚奚 (- possibly a puppet on a string) simplified  A103鸡[鷄]又奚 C246 鷄<雞> But 蹊蹊 傒傒 溪溪 谿谿 鼷鼷 𫘬騱 C635 鞋<鞵>
725,习,4652502.jpg,(- to practice flying in the sun) (- to start. birds 羽 flying in the morning 日)
726,系,4654182.jpg,(- thread tied to a beam 丿)
727,系,4654335.jpg,(- thread tied to a beam 丿)
728,系,4655670.jpg,(- thread tied to a beam 丿)
729,下,4656302.jpg,(- short mark below indicating down)
730,先,4656778.jpg,(- The person 儿 comes 𡳿 before or earlier than another person)
731,先,4657760.jpg,(- The person 儿 comes 𡳿 before or earlier than another person)
732,咸,4657935.jpg,(- see 或 huò)
733,苋,4658900.jpg,(- see 宽莧寬)
734,献,4700664.jpg,(- dog to be sacrificed)
735,献,4700766.jpg,(- dog to be sacrificed)
736,乡,4702122.jpg,(- see 𨙨邑) (- Remnant in 雍雝)
737,乡,4702438.jpg,(- see 𨙨邑) (- Remnant in 雍雝)
738,向,4706639.jpg,(- north facing window 璧)
739,象,4706349.jpg,(- an elephant)
740,象,4706556.jpg,(- an elephant)
741,小,4707637.jpg,(- from three dots)  (- in context ⺌) (- see 少)
742,效,4707849.jpg,(- a hand with a fire drill 交 indicating action).
743,效,4707905.jpg,(- a hand with a fire drill 交 indicating action).
744,燮,4711438.jpg,(- ancient form appears to be a hand lighting several fires with a torch 辛)
745,心,4711751.jpg,"(- the human torso showing breasts, stomach and navel, now meaning heart)  (- in context usually seen as 忄sometimes as 㣺)"
746,心,4711864.jpg,"(- the human torso showing breasts, stomach and navel, now meaning heart)  (- in context usually seen as 忄sometimes as 㣺)"
747,辛,4712127.jpg,(- possibly a chisel)  (- possibly upside down 立 lì)  (- probably same as tool-qian 䇂 qiān)
748,辛,4712149.jpg,(- possibly a chisel)  (- possibly upside down 立 lì)  (- probably same as tool-qian 䇂 qiān)
749,辛,4712286.jpg,(- possibly a chisel)  (- possibly upside down 立 lì)  (- probably same as tool-qian 䇂 qiān)
750,辛,4713472.jpg,(- possibly a chisel)  (- possibly upside down 立 lì)  (- probably same as tool-qian 䇂 qiān)
751,星,4716339.jpg,The original pictograph of stars was 口 not 日 which means sun.
752,星,4716729.jpg,The original pictograph of stars was 口 not 日 which means sun.
753,行,4717819.jpg,(- intersection of two roads)
754,杏,4717751.jpg,(- a fruit)
755,凶,4718431.jpg,"(- thought to indicate a trap, or hole in the ground)"
756,凶,4718446.jpg,"(- thought to indicate a trap, or hole in the ground)"
757,兄,4720390.jpg,(- the one who does the talking)
758,戌,4721152.jpg,(- a halberd)
759,戌,4721264.jpg,(- a halberd)
760,戌,4721969.jpg,(- a halberd)
761,戌,4722480.jpg,(- a halberd)
762,戌,4722363.jpg,(- a halberd)
763,戌,4722749.jpg,(- a halberd)
764,戌,4722716.jpg,(- a halberd)
765,戌,4723544.jpg,(- a halberd)
766,须,4724886.jpg,(- whiskers)
767,须,4724405.jpg,(- whiskers)
768,须,4724300.jpg,(- whiskers)
769,畜,4725119.jpg,(- rope 玄 through the nose 田 of a cow)
770,畜,4725710.jpg,(- rope 玄 through the nose 田 of a cow)
771,畜,4726797.jpg,(- rope 玄 through the nose 田 of a cow)
772,血,4727842.jpg,(- a bowl of sacrificial blood) (- Kangxi 143）
773,血,4727882.jpg,(- a bowl of sacrificial blood) (- Kangxi 143）
774,血,4728336.jpg,(- a bowl of sacrificial blood) (- Kangxi 143）
775,寻,4728551.jpg,(- two hands spreading a tape measure or mat)  (- 八尺一寻 8 feet 1 xun)
776,寻,4728369.jpg,(- two hands spreading a tape measure or mat)  (- 八尺一寻 8 feet 1 xun)
777,寻,4729575.jpg,(- two hands spreading a tape measure or mat)  (- 八尺一寻 8 feet 1 xun)
778,寻,4730630.jpg,(- two hands spreading a tape measure or mat)  (- 八尺一寻 8 feet 1 xun)
779,旬,4730735.jpg,(- 勹 from modified 十 indicating a loop of 10 days)
780,旬,4730984.jpg,(- 勹 from modified 十 indicating a loop of 10 days)
781,疋,4731276.jpg,"(- stone chimes in a row, which must be matched)  See 匹配"
782,疋,4732762.jpg,"(- stone chimes in a row, which must be matched)  See 匹配"
783,疋,4732256.jpg,"(- stone chimes in a row, which must be matched)  See 匹配"
784,疋,4732206.jpg,"(- stone chimes in a row, which must be matched)  See 匹配"
785,疋,4733686.jpg,"(- stone chimes in a row, which must be matched)  See 匹配"
786,疋,4733806.jpg,"(- stone chimes in a row, which must be matched)  See 匹配"
787,疋,4733842.jpg,"(- stone chimes in a row, which must be matched)  See 匹配"
788,亚,4734630.jpg,(- a house with 4 corners)  (- often can see people and things inside)  (- related meaning the adobe to make the house)
789,言,4736649.jpg,(- a man standing and speaking to you)
790,言,4737746.jpg,(- a man standing and speaking to you)
791,燕,4740700.jpg,(- a swallow)
792,燕,4740679.jpg,(- a swallow)
793,央,4741726.jpg,"(- man carrying load, centered on a carrying pole)"
794,央,4741449.jpg,"(- man carrying load, centered on a carrying pole)"
795,央,4742269.jpg,"(- man carrying load, centered on a carrying pole)"
796,羊,4743177.jpg,(- sheep with horns)  (- in context sometimes ⺶ or ⺷)
797,羊,4743176.jpg,(- sheep with horns)  (- in context sometimes ⺶ or ⺷)
798,羊,4743620.jpg,(- sheep with horns)  (- in context sometimes ⺶ or ⺷)
799,夭,4746606.jpg,(- person-stand-da 大 dà leaning forward)夭亡 夭折
800,夭,4746748.jpg,(- person-stand-da 大 dà leaning forward)夭亡 夭折
801,夭,4746602.jpg,(- person-stand-da 大 dà leaning forward)夭亡 夭折
802,爻,4747501.jpg,underbrush 棥. see 樊礬𥖎鬰欝. characters 学學𡥈教𤕝. fabric 希𢁫. lantern 爽. 龸𦥯 in 礐覺. cutting 𤕦肴. stripes 駁.
803,尧,4747683.jpg,(- a pile of jugs on a table - piled high)
804,尧,4747181.jpg,(- a pile of jugs on a table - piled high)
805,埜,4748807.jpg,(- shuttle 予 indicating you have to weave in and out of the trees 林)
806,衣,4750342.jpg,cloths.
807,依,4751143.jpg,(- the value of a man depends on his cloths).
808,夷,4754569.jpg,"(- unclear, possibly some kind of clothing)."
809,乙,4803583.jpg,(- Shuowen says: it is a sprout) (- second; 2nd heavenly stem) (- variant 乚 in 乹亁) A292 亿[億] A293 忆[憶] B122 艺[藝] (- phonetic in 钇釔)  (- motion in 失𢩥 穵)  (- remnant in 凼氹)
810,乙,4803661.jpg,(- Shuowen says: it is a sprout) (- second; 2nd heavenly stem) (- variant 乚 in 乹亁) A292 亿[億] A293 忆[憶] B122 艺[藝] (- phonetic in 钇釔)  (- motion in 失𢩥 穵)  (- remnant in 凼氹)
811,乙,4804453.jpg,(- Shuowen says: it is a sprout) (- second; 2nd heavenly stem) (- variant 乚 in 乹亁) A292 亿[億] A293 忆[憶] B122 艺[藝] (- phonetic in 钇釔)  (- motion in 失𢩥 穵)  (- remnant in 凼氹)
812,以,4804207.jpg,"人 was added to distinguish 㠯 from 厶. Originally 㠯, meaning ‘by means of’ or ‘because of’. originally 㠯=以."
813,以,4805701.jpg,"人 was added to distinguish 㠯 from 厶. Originally 㠯, meaning ‘by means of’ or ‘because of’. originally 㠯=以."
814,乂,4805829.jpg,(- phonetic in 艾) (- part of 爻) 㐅 in B092 区[區] B034 冈[岡] B033 风[風] A323 赵[趙] 乂 in B121 义[義]
815,义,4805716.jpg,(- the sheep which is given each year to the poor) .
816,亦,4806347.jpg,"(- two dots indicating ""and"", one on each side) (- from person-stand-da 大 dà and symbols indicating armpits 腋窝)  (- simplification of 亦䜌 luán)"
817,亦,4806417.jpg,"(- two dots indicating ""and"", one on each side) (- from person-stand-da 大 dà and symbols indicating armpits 腋窝)  (- simplification of 亦䜌 luán)"
818,异,4806366.jpg,"Man holding a mask indicating a different face ""other"")"
819,异,4807762.jpg,"Man holding a mask indicating a different face ""other"")"
820,易,4807810.jpg,(- light 勿 from the moon 月 - easy to see - easy) (日月為易）
821,益,4808365.jpg,(original- 益益溢)
822,益,4808609.jpg,(original- 益益溢)
823,翊,4810731.jpg,stand up 立 and fly 羽
824,翊,4810722.jpg,stand up 立 and fly 羽
825,翌,4811761.jpg,daybreak when the birds 羽 stand up 立 and fly. 昱
826,翌,4811213.jpg,daybreak when the birds 羽 stand up 立 and fly. 昱
827,因,4812413.jpg,(- a mat 囗 with a person 大 sleeping on it)
828,因,4812278.jpg,(- a mat 囗 with a person 大 sleeping on it)
829,寅,4813929.jpg,(- possible hands straightening an arrow)
830,寅,4813418.jpg,(- possible hands straightening an arrow)
831,寅,4813827.jpg,(- possible hands straightening an arrow)
832,寅,4816365.jpg,(- possible hands straightening an arrow)
833,寅,4817334.jpg,(- possible hands straightening an arrow)
834,尹,4817704.jpg,(- a hand with a stick that signifies control or possibly a brush that writes laws to control)
835,引,4818721.jpg,(- a bow 弓 with string 丨)
836,饮,4818872.jpg,(- man leaning over to drink from a jug).
837,饮,4818168.jpg,(- man leaning over to drink from a jug).
838,饮,4819345.jpg,(- man leaning over to drink from a jug).
839,饮,4820344.jpg,(- man leaning over to drink from a jug).
840,印,4820151.jpg,(- who uses his hand to press)
841,印,4820989.jpg,(- who uses his hand to press)
842,永,4823502.jpg,"(a man swimming in water) (original 永泳) (borrowed for sound, meaning ""for ever"")"
843,永,4824290.jpg,"(a man swimming in water) (original 永泳) (borrowed for sound, meaning ""for ever"")"
844,永,4824920.jpg,"(a man swimming in water) (original 永泳) (borrowed for sound, meaning ""for ever"")"
845,永,4824791.jpg,"(a man swimming in water) (original 永泳) (borrowed for sound, meaning ""for ever"")"
846,永,4824209.jpg,"(a man swimming in water) (original 永泳) (borrowed for sound, meaning ""for ever"")"
847,用,4825216.jpg,(- a water bucket)  (original- 用桶) tǒng.
848,用,4825728.jpg,(- a water bucket)  (original- 用桶) tǒng.
849,攸,4825472.jpg,(a man with a pole fording a river)
850,攸,4826406.jpg,(a man with a pole fording a river)
851,尤,4827331.jpg,(- see 尢𡯁尣) 尤 sometimes seen as 尢 from right-hand-you 又𠂇 yòu plus a wart or injury on the finger  (original 尤疣 yóu)
852,由,4827627.jpg,(- modification sprouts-miao 苗 miáo)
853,斿,4828459.jpg,(see 游泳)
854,友,4828455.jpg,(- holding hands)
855,友,4828345.jpg,(- holding hands)
856,卣,4828110.jpg,(- now meaning a wine pot) (from fermented fruit in a pot 𪾏)
857,酉,4829769.jpg,(- see 酉 yǒu 𠁁 dòu 留畱 liú) (- a jug)
858,酉,4829748.jpg,(- see 酉 yǒu 𠁁 dòu 留畱 liú) (- a jug)
859,酉,4830570.jpg,(- see 酉 yǒu 𠁁 dòu 留畱 liú) (- a jug)
860,酉,4831292.jpg,(- see 酉 yǒu 𠁁 dòu 留畱 liú) (- a jug)
861,酉,4831519.jpg,(- see 酉 yǒu 𠁁 dòu 留畱 liú) (- a jug)
862,酉,4833637.jpg,(- see 酉 yǒu 𠁁 dòu 留畱 liú) (- a jug)
863,酉,4833392.jpg,(- see 酉 yǒu 𠁁 dòu 留畱 liú) (- a jug)
864,酉,4833521.jpg,(- see 酉 yǒu 𠁁 dòu 留畱 liú) (- a jug)
865,酉,4834977.jpg,(- see 酉 yǒu 𠁁 dòu 留畱 liú) (- a jug)
866,又,4834771.jpg,(right hand) A066凤[鳳] A096欢[歡]雚 C232歡<懽讙驩> A082观[觀]雚 A207权[權]雚 A208劝[勸]雚 A241叹[嘆]堇 C563嘆<歎> B079难[難]堇 A110艰[艱]堇  A084汉[漢]堇 A127仅[僅]堇 A046邓[鄧]登 A103鸡[鷄]奚 C246 鷄<雞> A232树[樹]壴 A263戏[戲]䖒 C609戲<戯> B028对[對]丵土 R11𠬤睪 B081聂[聶]耳 B096圣[聖] A087轰[轟]車
867,于,4835502.jpg,(modern 于亐 yú is almost always from seal 亏 kuī) (seal 亏 kuī almost always from oracle 于亐) (probably calipers) (possibly an altar)
868,于,4836500.jpg,(modern 于亐 yú is almost always from seal 亏 kuī) (seal 亏 kuī almost always from oracle 于亐) (probably calipers) (possibly an altar)
869,余,4837594.jpg,(- the leaves 𣎳 that can be drunk 亼 - tea)
870,臾,4839810.jpg,(two hands holding something) (𠳋𦥳𨺫 𨺺 貴䝿) (phonetic in 萸 腴 諛 庾瘐)
871,鱼,4839150.jpg,(- a fish)
872,羽,4841632.jpg,(- wings)
873,羽,4842543.jpg,(- wings)
874,雨,4842654.jpg,(- rain)
875,雨,4842971.jpg,(- rain)
876,雨,4842213.jpg,(- rain)
877,雨,4844666.jpg,(- rain)
878,雨,4844540.jpg,(- rain)
879,雨,4844456.jpg,(- rain)
880,玉,4845571.jpg,"(- 琮 cóng, a type of ritual jade object)  (- 丶 added to distinguish it from person-wang 王 wáng) (- In context, usually written like 王 wáng) (- usually on the left hand side)"
881,玉,4845884.jpg,"(- 琮 cóng, a type of ritual jade object)  (- 丶 added to distinguish it from person-wang 王 wáng) (- In context, usually written like 王 wáng) (- usually on the left hand side)"
882,郁,4846342.jpg,(- 彡 vapor - 冂 oven 林 - wood 鬯 food)
883,郁,4847196.jpg,(- 彡 vapor - 冂 oven 林 - wood 鬯 food)
884,郁,4848799.jpg,(- 彡 vapor - 冂 oven 林 - wood 鬯 food)
885,郁,4848123.jpg,(- 彡 vapor - 冂 oven 林 - wood 鬯 food)
886,元,4858827.jpg,(- that which is above 二 or before a man 儿)
887,元,4858715.jpg,(- that which is above 二 or before a man 儿)
888,员,4858557.jpg,"(- round ding, indicating round) (- authority of the ding, indicating an authority)"
889,员,4858123.jpg,"(- round ding, indicating round) (- authority of the ding, indicating an authority)"
890,爰,4859983.jpg,(- two hands pulling on a string)
891,袁,4859911.jpg,(- original meaning round from the round bi pendent)
892,袁,4859904.jpg,(- original meaning round from the round bi pendent)
893,袁,4900930.jpg,(- original meaning round from the round bi pendent)
894,袁,4900695.jpg,(- original meaning round from the round bi pendent)
895,曰,4904148.jpg,(- usually indicates someone is talking or has something in his mouth).
896,月,4904543.jpg,(- moon 月 in 朔期明望) (- 肉 in 肚背龍有散胜然+200+) (- 舟 in 勝朝朕服俞) (- 貝 in 朋) (- 井 in 青) (- 冃 in 胄) (- phonetic in 塍)
897,月,4905528.jpg,(- moon 月 in 朔期明望) (- 肉 in 肚背龍有散胜然+200+) (- 舟 in 勝朝朕服俞) (- 貝 in 朋) (- 井 in 青) (- 冃 in 胄) (- phonetic in 塍)
898,戉,4905510.jpg, (- a long handled tool 戈 with a hook blade)
899,戉,4905636.jpg, (- a long handled tool 戈 with a hook blade)
900,龠,4906112.jpg,(- mouth 亼 over holes 𠱠 in pan-pipes 冊 - flute)
901,龠,4907401.jpg,(- mouth 亼 over holes 𠱠 in pan-pipes 冊 - flute)
902,龠,4907889.jpg,(- mouth 亼 over holes 𠱠 in pan-pipes 冊 - flute)
903,龠,4908125.jpg,(- mouth 亼 over holes 𠱠 in pan-pipes 冊 - flute)
904,龠,4908450.jpg,(- mouth 亼 over holes 𠱠 in pan-pipes 冊 - flute)
905,云,4908170.jpg,(云 pictograph of a cloud) B128 云[雲] always A020 层[層] otherwise (曾)曾 B026 动[動] otherwise (重)重 A240 坛[壇罎] otherwise (亶)亶 B043 会[會] always A313 酝[醖] otherwise (昷)𥁕 A312 运[運] otherwise (军)軍 A350 偿[償] otherwise (赏)賞 B013 尝[嘗] always
906,云,4909600.jpg,(云 pictograph of a cloud) B128 云[雲] always A020 层[層] otherwise (曾)曾 B026 动[動] otherwise (重)重 A240 坛[壇罎] otherwise (亶)亶 B043 会[會] always A313 酝[醖] otherwise (昷)𥁕 A312 运[運] otherwise (军)軍 A350 偿[償] otherwise (赏)賞 B013 尝[嘗] always
907,允,4909465.jpg,"(- a person whose word can be trusted, now meaning consent)."
908,孕,4909453.jpg,(- 乃 woman's stomach and breasts with a baby inside 子)
909,孕,4909881.jpg,(- 乃 woman's stomach and breasts with a baby inside 子)
910,孕,4910959.jpg,(- 乃 woman's stomach and breasts with a baby inside 子)
911,晕,4910538.jpg,see 暉暈
912,责,4912481.jpg,drill 朿 making hole in shell 貝.
913,昃,4912513.jpg,decline 仄 like the sun 日
914,曾,4913801.jpg,(- original meaning 增加 - to increase) (- original form 丷田 甑 zèng a boiler for steaming rice)
915,曾,4913968.jpg,(- original meaning 增加 - to increase) (- original form 丷田 甑 zèng a boiler for steaming rice)
916,曾,4913400.jpg,(- original meaning 增加 - to increase) (- original form 丷田 甑 zèng a boiler for steaming rice)
917,乍,4914437.jpg,(original- 𠆦乍作 zuò). Believed to be the stitching of cloths together.
918,宅,4914309.jpg,(- probably a house roof supported by a pole)
919,翟,4914859.jpg,(- pheasants are famous for jumping out of the bush and flapping their wings).
920,占,4915908.jpg,(- originally the character was on a bone) 占 24 A349 钻[鑽](赞贊 11) A321 毡[氈](亶亶 11) A240 坛[壇罎](亶亶 11) A322 战[戰](单單 24) A050 点[點] C740 占<佔>
921,者,4919375.jpg,(- burning tree from which ink soot is collected (- mouth-speaking-yue 曰 (- ink is used to write what is said) (- 耂 is from ink) (- see 書黑𪐗墨)
922,者,4919226.jpg,(- burning tree from which ink soot is collected (- mouth-speaking-yue 曰 (- ink is used to write what is said) (- 耂 is from ink) (- see 書黑𪐗墨)
923,者,4919453.jpg,(- burning tree from which ink soot is collected (- mouth-speaking-yue 曰 (- ink is used to write what is said) (- 耂 is from ink) (- see 書黑𪐗墨)
924,者,4919256.jpg,(- burning tree from which ink soot is collected (- mouth-speaking-yue 曰 (- ink is used to write what is said) (- 耂 is from ink) (- see 書黑𪐗墨)
925,贞,4920445.jpg,(- fire in the ding to crack bones to cast fortune)
926,贞,4920437.jpg,(- fire in the ding to crack bones to cast fortune)
927,贞,4920655.jpg,(- fire in the ding to crack bones to cast fortune)
928,贞,4921757.jpg,(- fire in the ding to crack bones to cast fortune)
929,朕,4921460.jpg,(from 朕𦨶𦩎 in  塍𦩱 勝𠢧 剩賸 滕 縢𦪝  螣 誊謄 腾騰 䲢鰧䲍 媵） (from 養 in 鲞鮝鯗)
930,争,4921891.jpg,(- two hands pulling on a rope)
931,正,4923805.jpg,(- indicating target 囗 一 reached 止 and completed)
932,之,4924594.jpg,(- sometimes 㞢 is from 生) (inversion- 匝帀-之㞢𡳿) (- from 土士 in 寺)時旹 先 㞷蚩志
933,执,4926917.jpg,Handcuffs 㚔 and a kneeling man 丮. A274 亵[褻] 扌坴 执埶 only  A228 势[勢] 扌坴 执埶 only A212 热[熱] 扌坴 执埶 only otherwise [执]埶 yì never 蓺爇  B122 艺[藝] always (呓)囈 B130 执[執] zhí 扌幸 always (垫)墊 (挚)摯 (絷)縶  (蛰)蟄 (贽)贄 (鸷)鷙 A009 报[報] 扌幸 only
934,执,4926514.jpg,Handcuffs 㚔 and a kneeling man 丮. A274 亵[褻] 扌坴 执埶 only  A228 势[勢] 扌坴 执埶 only A212 热[熱] 扌坴 执埶 only otherwise [执]埶 yì never 蓺爇  B122 艺[藝] always (呓)囈 B130 执[執] zhí 扌幸 always (垫)墊 (挚)摯 (絷)縶  (蛰)蟄 (贽)贄 (鸷)鷙 A009 报[報] 扌幸 only
935,执,4927186.jpg,Handcuffs 㚔 and a kneeling man 丮. A274 亵[褻] 扌坴 执埶 only  A228 势[勢] 扌坴 执埶 only A212 热[熱] 扌坴 执埶 only otherwise [执]埶 yì never 蓺爇  B122 艺[藝] always (呓)囈 B130 执[執] zhí 扌幸 always (垫)墊 (挚)摯 (絷)縶  (蛰)蟄 (贽)贄 (鸷)鷙 A009 报[報] 扌幸 only
936,执,4928895.jpg,Handcuffs 㚔 and a kneeling man 丮. A274 亵[褻] 扌坴 执埶 only  A228 势[勢] 扌坴 执埶 only A212 热[熱] 扌坴 执埶 only otherwise [执]埶 yì never 蓺爇  B122 艺[藝] always (呓)囈 B130 执[執] zhí 扌幸 always (垫)墊 (挚)摯 (絷)縶  (蛰)蟄 (贽)贄 (鸷)鷙 A009 报[報] 扌幸 only
937,执,4928257.jpg,Handcuffs 㚔 and a kneeling man 丮. A274 亵[褻] 扌坴 执埶 only  A228 势[勢] 扌坴 执埶 only A212 热[熱] 扌坴 执埶 only otherwise [执]埶 yì never 蓺爇  B122 艺[藝] always (呓)囈 B130 执[執] zhí 扌幸 always (垫)墊 (挚)摯 (絷)縶  (蛰)蟄 (贽)贄 (鸷)鷙 A009 报[報] 扌幸 only
938,执,4928474.jpg,Handcuffs 㚔 and a kneeling man 丮. A274 亵[褻] 扌坴 执埶 only  A228 势[勢] 扌坴 执埶 only A212 热[熱] 扌坴 执埶 only otherwise [执]埶 yì never 蓺爇  B122 艺[藝] always (呓)囈 B130 执[執] zhí 扌幸 always (垫)墊 (挚)摯 (絷)縶  (蛰)蟄 (贽)贄 (鸷)鷙 A009 报[報] 扌幸 only
939,执,4929285.jpg,Handcuffs 㚔 and a kneeling man 丮. A274 亵[褻] 扌坴 执埶 only  A228 势[勢] 扌坴 执埶 only A212 热[熱] 扌坴 执埶 only otherwise [执]埶 yì never 蓺爇  B122 艺[藝] always (呓)囈 B130 执[執] zhí 扌幸 always (垫)墊 (挚)摯 (絷)縶  (蛰)蟄 (贽)贄 (鸷)鷙 A009 报[報] 扌幸 only
940,执,4929866.jpg,Handcuffs 㚔 and a kneeling man 丮. A274 亵[褻] 扌坴 执埶 only  A228 势[勢] 扌坴 执埶 only A212 热[熱] 扌坴 执埶 only otherwise [执]埶 yì never 蓺爇  B122 艺[藝] always (呓)囈 B130 执[執] zhí 扌幸 always (垫)墊 (挚)摯 (絷)縶  (蛰)蟄 (贽)贄 (鸷)鷙 A009 报[報] 扌幸 only
941,执,4930514.jpg,Handcuffs 㚔 and a kneeling man 丮. A274 亵[褻] 扌坴 执埶 only  A228 势[勢] 扌坴 执埶 only A212 热[熱] 扌坴 执埶 only otherwise [执]埶 yì never 蓺爇  B122 艺[藝] always (呓)囈 B130 执[執] zhí 扌幸 always (垫)墊 (挚)摯 (絷)縶  (蛰)蟄 (贽)贄 (鸷)鷙 A009 报[報] 扌幸 only
942,直,4930832.jpg,"(- an eye-mu 目 mù and a line, also pronounced zhi indicating the eye that sees straight)  (- a straight line 丨 zhi became 十) (- a carpenters square 𠃊 or nose)"
943,止,4931238.jpg,(- a foot moving forward)
944,只,4933160.jpg,"(- hand holding bird) (- ""a"" bird) (- one as opposed to two 雙)"
945,只,4934975.jpg,"(- hand holding bird) (- ""a"" bird) (- one as opposed to two 雙)"
946,黹,4935816.jpg,(㡀 is a remnant with related meaning. original pictograph indicated embroidery on cloth)
947,黹,4936137.jpg,(㡀 is a remnant with related meaning. original pictograph indicated embroidery on cloth)
948,黹,4936127.jpg,(㡀 is a remnant with related meaning. original pictograph indicated embroidery on cloth)
949,黹,4937226.jpg,(㡀 is a remnant with related meaning. original pictograph indicated embroidery on cloth)
950,至,4938358.jpg,(- arrow in the ground indicating it has reached it's destination)
951,彘,4938183.jpg,(- the feet 比 of a pig 彑 with an arrow 矢 in it).
952,彘,4939565.jpg,(- the feet 比 of a pig 彑 with an arrow 矢 in it).
953,彘,4939208.jpg,(- the feet 比 of a pig 彑 with an arrow 矢 in it).
954,廌,4940694.jpg,(- mythical animal 獬豸 獬廌 unicorn in 法灋) (- yak in 薦)
955,廌,4941380.jpg,(- mythical animal 獬豸 獬廌 unicorn in 法灋) (- yak in 薦)
956,雉,4941889.jpg,(- The spear is long the arrow is short)
957,雉,4941979.jpg,(- The spear is long the arrow is short)
958,雉,4942719.jpg,(- The spear is long the arrow is short)
959,雉,4942154.jpg,(- The spear is long the arrow is short)
960,疐,4942542.jpg,(- 叀 to stumble)
961,疐,4943854.jpg,(- 叀 to stumble)
962,疐,4943838.jpg,(- 叀 to stumble)
963,疐,4944509.jpg,(- 叀 to stumble)
964,疐,4944427.jpg,(- 叀 to stumble)
965,疐,4944660.jpg,(- 叀 to stumble)
966,疐,4945471.jpg,(- 叀 to stumble)
967,中,4945557.jpg,(- originally a pictograph of a string heddle 综) (- now a pictograph of a line through a square indicating center) A332 钟[鐘鍾] A333 肿[腫] A334 种[種]
968,中,4946707.jpg,(- originally a pictograph of a string heddle 综) (- now a pictograph of a line through a square indicating center) A332 钟[鐘鍾] A333 肿[腫] A334 种[種]
969,中,4946641.jpg,(- originally a pictograph of a string heddle 综) (- now a pictograph of a line through a square indicating center) A332 钟[鐘鍾] A333 肿[腫] A334 种[種]
970,中,4946992.jpg,(- originally a pictograph of a string heddle 综) (- now a pictograph of a line through a square indicating center) A332 钟[鐘鍾] A333 肿[腫] A334 种[種]
971,中,4947455.jpg,(- originally a pictograph of a string heddle 综) (- now a pictograph of a line through a square indicating center) A332 钟[鐘鍾] A333 肿[腫] A334 种[種]
972,中,4948975.jpg,(- originally a pictograph of a string heddle 综) (- now a pictograph of a line through a square indicating center) A332 钟[鐘鍾] A333 肿[腫] A334 种[種]
973,众,4948963.jpg,(- originally three people under the sun)
974,舟,4949637.jpg,(- a boat)
975,周,4950726.jpg,"(- 周密 ""meticulous"" crops) （- 田 with 4 dots indicating crops)"
976,周,4950145.jpg,"(- 周密 ""meticulous"" crops) （- 田 with 4 dots indicating crops)"
977,帚,4952822.jpg,"(- seal character thought to be a hand holding a dust rag) (- oracle character is a broom, hand from seal was the sweeping part of the broom the dust rag was the handle of the broom) C770 帚<箒> A068 妇[婦] B036 归[歸]"
978,帚,4953853.jpg,"(- seal character thought to be a hand holding a dust rag) (- oracle character is a broom, hand from seal was the sweeping part of the broom the dust rag was the handle of the broom) C770 帚<箒> A068 妇[婦] B036 归[歸]"
979,帚,4953364.jpg,"(- seal character thought to be a hand holding a dust rag) (- oracle character is a broom, hand from seal was the sweeping part of the broom the dust rag was the handle of the broom) C770 帚<箒> A068 妇[婦] B036 归[歸]"
980,帚,4953713.jpg,"(- seal character thought to be a hand holding a dust rag) (- oracle character is a broom, hand from seal was the sweeping part of the broom the dust rag was the handle of the broom) C770 帚<箒> A068 妇[婦] B036 归[歸]"
981,帚,4954252.jpg,"(- seal character thought to be a hand holding a dust rag) (- oracle character is a broom, hand from seal was the sweeping part of the broom the dust rag was the handle of the broom) C770 帚<箒> A068 妇[婦] B036 归[歸]"
982,昼,4954306.jpg,(there is light enough to write) (painting 画畫畵 from 田 tián) (daytime 晝𦘙 from 日 rì) (book 書𦘠 from 曰 yuē)
983,朱,4955674.jpg,original pictograph of spider 朱蛛
984,朱,4955824.jpg,original pictograph of spider 朱蛛
985,壴,4959376.jpg,(- drum on a stand with top decoration) (- probably a version of 豈) (- note 凱)
986,壴,4959311.jpg,(- drum on a stand with top decoration) (- probably a version of 豈) (- note 凱)
987,壴,5000615.jpg,(- drum on a stand with top decoration) (- probably a version of 豈) (- note 凱)
988,壴,5000881.jpg,(- drum on a stand with top decoration) (- probably a version of 豈) (- note 凱)
989,爪,5004315.jpg,(- a hand grabbing something) (- a claw or hand grabbing from above)
990,专,5004309.jpg,(- a drop spindle 叀 zhuān being twirled with a hand-measure-cun 寸 cùn) (- Now 转轉 zhuǎn)
991,专,5004382.jpg,(- a drop spindle 叀 zhuān being twirled with a hand-measure-cun 寸 cùn) (- Now 转轉 zhuǎn)
992,妆,5005297.jpg,"(- woman at table, powder 花粉)"
993,妆,5006541.jpg,"(- woman at table, powder 花粉)"
994,隹,5006631.jpg,(- a bird with a short tail)
995,兹,5010567.jpg,(- upside-down two-threads-si 丝絲𢇁 sī)
996,子,5010711.jpg,(- a baby with two arms) (- 地支 - 子丑寅卯辰巳午未申酉戌亥)
997,子,5010507.jpg,(- a baby with two arms) (- 地支 - 子丑寅卯辰巳午未申酉戌亥)
998,子,5011464.jpg,(- a baby with two arms) (- 地支 - 子丑寅卯辰巳午未申酉戌亥)
999,子,5011406.jpg,(- a baby with two arms) (- 地支 - 子丑寅卯辰巳午未申酉戌亥)
1000,子,5011988.jpg,(- a baby with two arms) (- 地支 - 子丑寅卯辰巳午未申酉戌亥)
1001,子,5012445.jpg,(- a baby with two arms) (- 地支 - 子丑寅卯辰巳午未申酉戌亥)
1002,子,5012434.jpg,(- a baby with two arms) (- 地支 - 子丑寅卯辰巳午未申酉戌亥)
1003,子,5012529.jpg,(- a baby with two arms) (- 地支 - 子丑寅卯辰巳午未申酉戌亥)
1004,子,5013327.jpg,(- a baby with two arms) (- 地支 - 子丑寅卯辰巳午未申酉戌亥)
1005,子,5015625.jpg,(- a baby with two arms) (- 地支 - 子丑寅卯辰巳午未申酉戌亥)
1006,子,5016993.jpg,(- a baby with two arms) (- 地支 - 子丑寅卯辰巳午未申酉戌亥)
1007,子,5016583.jpg,(- a baby with two arms) (- 地支 - 子丑寅卯辰巳午未申酉戌亥)
1008,子,5016170.jpg,(- a baby with two arms) (- 地支 - 子丑寅卯辰巳午未申酉戌亥)
1009,子,5017451.jpg,(- a baby with two arms) (- 地支 - 子丑寅卯辰巳午未申酉戌亥)
1010,子,5017231.jpg,(- a baby with two arms) (- 地支 - 子丑寅卯辰巳午未申酉戌亥)
1011,子,5018841.jpg,(- a baby with two arms) (- 地支 - 子丑寅卯辰巳午未申酉戌亥)
1012,子,5019938.jpg,(- a baby with two arms) (- 地支 - 子丑寅卯辰巳午未申酉戌亥)
1013,子,5019448.jpg,(- a baby with two arms) (- 地支 - 子丑寅卯辰巳午未申酉戌亥)
1014,子,5019100.jpg,(- a baby with two arms) (- 地支 - 子丑寅卯辰巳午未申酉戌亥)
1015,自,5021983.jpg,(- a nose)  (- Chinese point to their nose when they say I)
1016,奏,5021489.jpg,(- bringing gifts of herbs 屮 and roots 本 in the hands 大廾 to the emperor)
1017,奏,5022213.jpg,(- bringing gifts of herbs 屮 and roots 本 in the hands 大廾 to the emperor)
1018,卒,5022433.jpg,(- the cloths 衣 of a soldier with number ten 十).
1019,卒,5022267.jpg,(- the cloths 衣 of a soldier with number ten 十).
1020,族,5022932.jpg,(- arrow markings indicated different clans).
1021,族,5023748.jpg,(- arrow markings indicated different clans).
1022,左,5026696.jpg,1. The hand that wipes the butt 肛門 疘 2. weakness of the left hand  3. an assistant
